color,coordinates,milgeo:meta:color,milgeo:meta:creator,milgeo:meta:creator_orig,milgeo:meta:creator_url,milgeo:meta:desc,milgeo:meta:name,name,sidc
"123,104,238,1",POINT (37.6004455 48.3330208),"[""purple"", ""#ff7b68ee""]","[""AlpineQuest 2.3.9.r9012"", ""AlpineQuest 2.3.8b.r8787""]","[""AlpineQuest 2.3.8b.r8787""]","[""https://www.alpinequest.net"", ""https://www.alpinequest.net""]",[],"[""2.2. \u0426\u0435\u043b\u0438 \u0440\u0430\u0431\u043e\u0447\u0438\u0435 \u041b\u0415\u0421\u041e\u041f\u041e\u041b\u041e\u0421\u042b"", ""\u041a\u0443\u043b\u0430\u0447\u043e\u043a30""]",Кулачок30,10016600006099000000
"123,104,238,1",POINT (37.599183 48.3333202),"[""purple"", ""#ff7b68ee""]","[""AlpineQuest 2.3.9.r9012"", ""AlpineQuest 2.3.8b.r8787""]","[""AlpineQuest 2.3.8b.r8787""]","[""https://www.alpinequest.net"", ""https://www.alpinequest.net""]",[],"[""2.2. \u0426\u0435\u043b\u0438 \u0440\u0430\u0431\u043e\u0447\u0438\u0435 \u041b\u0415\u0421\u041e\u041f\u041e\u041b\u041e\u0421\u042b"", ""\u041a\u0443\u043b\u0430\u0447\u043e\u043a31""]",Кулачок31,10016600006099000000
"123,104,238,1",POINT (37.5979067 48.3336284),"[""purple"", ""#ff7b68ee""]","[""AlpineQuest 2.3.9.r9012"", ""AlpineQuest 2.3.8b.r8787""]","[""AlpineQuest 2.3.8b.r8787""]","[""https://www.alpinequest.net"", ""https://www.alpinequest.net""]",[],"[""2.2. \u0426\u0435\u043b\u0438 \u0440\u0430\u0431\u043e\u0447\u0438\u0435 \u041b\u0415\u0421\u041e\u041f\u041e\u041b\u041e\u0421\u042b"", ""\u041a\u0443\u043b\u0430\u0447\u043e\u043a32""]",Кулачок32,10016600006099000000
"123,104,238,1",POINT (37.5966441 48.3339278),"[""purple"", ""#ff7b68ee""]","[""AlpineQuest 2.3.9.r9012"", ""AlpineQuest 2.3.8b.r8787""]","[""AlpineQuest 2.3.8b.r8787""]","[""https://www.alpinequest.net"", ""https://www.alpinequest.net""]",[],"[""2.2. \u0426\u0435\u043b\u0438 \u0440\u0430\u0431\u043e\u0447\u0438\u0435 \u041b\u0415\u0421\u041e\u041f\u041e\u041b\u041e\u0421\u042b"", ""\u041a\u0443\u043b\u0430\u0447\u043e\u043a33""]",Кулачок33,10016600006099000000
"123,104,238,1",POINT (37.595368 48.334227),"[""purple"", ""#ff7b68ee""]","[""AlpineQuest 2.3.9.r9012"", ""AlpineQuest 2.3.8b.r8787""]","[""AlpineQuest 2.3.8b.r8787""]","[""https://www.alpinequest.net"", ""https://www.alpinequest.net""]",[],"[""2.2. \u0426\u0435\u043b\u0438 \u0440\u0430\u0431\u043e\u0447\u0438\u0435 \u041b\u0415\u0421\u041e\u041f\u041e\u041b\u041e\u0421\u042b"", ""\u041a\u0443\u043b\u0430\u0447\u043e\u043a34""]",Кулачок34,10016600006099000000
"123,104,238,1",POINT (37.5941051 48.3345353),"[""purple"", ""#ff7b68ee""]","[""AlpineQuest 2.3.9.r9012"", ""AlpineQuest 2.3.8b.r8787""]","[""AlpineQuest 2.3.8b.r8787""]","[""https://www.alpinequest.net"", ""https://www.alpinequest.net""]",[],"[""2.2. \u0426\u0435\u043b\u0438 \u0440\u0430\u0431\u043e\u0447\u0438\u0435 \u041b\u0415\u0421\u041e\u041f\u041e\u041b\u041e\u0421\u042b"", ""\u041a\u0443\u043b\u0430\u0447\u043e\u043a35""]",Кулачок35,10016600006099000000
"123,104,238,1",POINT (37.592829 48.3348345),"[""purple"", ""#ff7b68ee""]","[""AlpineQuest 2.3.9.r9012"", ""AlpineQuest 2.3.8b.r8787""]","[""AlpineQuest 2.3.8b.r8787""]","[""https://www.alpinequest.net"", ""https://www.alpinequest.net""]",[],"[""2.2. \u0426\u0435\u043b\u0438 \u0440\u0430\u0431\u043e\u0447\u0438\u0435 \u041b\u0415\u0421\u041e\u041f\u041e\u041b\u041e\u0421\u042b"", ""\u041a\u0443\u043b\u0430\u0447\u043e\u043a36""]",Кулачок36,10016600006099000000
"123,104,238,1",POINT (37.5915661 48.3351428),"[""purple"", ""#ff7b68ee""]","[""AlpineQuest 2.3.9.r9012"", ""AlpineQuest 2.3.8b.r8787""]","[""AlpineQuest 2.3.8b.r8787""]","[""https://www.alpinequest.net"", ""https://www.alpinequest.net""]",[],"[""2.2. \u0426\u0435\u043b\u0438 \u0440\u0430\u0431\u043e\u0447\u0438\u0435 \u041b\u0415\u0421\u041e\u041f\u041e\u041b\u041e\u0421\u042b"", ""\u041a\u0443\u043b\u0430\u0447\u043e\u043a37""]",Кулачок37,10016600006099000000
"123,104,238,1",POINT (37.5902899 48.3354419),"[""purple"", ""#ff7b68ee""]","[""AlpineQuest 2.3.9.r9012"", ""AlpineQuest 2.3.8b.r8787""]","[""AlpineQuest 2.3.8b.r8787""]","[""https://www.alpinequest.net"", ""https://www.alpinequest.net""]",[],"[""2.2. \u0426\u0435\u043b\u0438 \u0440\u0430\u0431\u043e\u0447\u0438\u0435 \u041b\u0415\u0421\u041e\u041f\u041e\u041b\u041e\u0421\u042b"", ""\u041a\u0443\u043b\u0430\u0447\u043e\u043a38""]",Кулачок38,10016600006099000000
"123,104,238,1",POINT (37.589027 48.3357502),"[""purple"", ""#ff7b68ee""]","[""AlpineQuest 2.3.9.r9012"", ""AlpineQuest 2.3.8b.r8787""]","[""AlpineQuest 2.3.8b.r8787""]","[""https://www.alpinequest.net"", ""https://www.alpinequest.net""]",[],"[""2.2. \u0426\u0435\u043b\u0438 \u0440\u0430\u0431\u043e\u0447\u0438\u0435 \u041b\u0415\u0421\u041e\u041f\u041e\u041b\u041e\u0421\u042b"", ""\u041a\u0443\u043b\u0430\u0447\u043e\u043a39""]",Кулачок39,10016600006099000000
"123,104,238,1",POINT (37.5877508 48.3360493),"[""purple"", ""#ff7b68ee""]","[""AlpineQuest 2.3.9.r9012"", ""AlpineQuest 2.3.8b.r8787""]","[""AlpineQuest 2.3.8b.r8787""]","[""https://www.alpinequest.net"", ""https://www.alpinequest.net""]",[],"[""2.2. \u0426\u0435\u043b\u0438 \u0440\u0430\u0431\u043e\u0447\u0438\u0435 \u041b\u0415\u0421\u041e\u041f\u041e\u041b\u041e\u0421\u042b"", ""\u041a\u0443\u043b\u0430\u0447\u043e\u043a40""]",Кулачок40,10016600006099000000
"123,104,238,1",POINT (37.5864879 48.3363575),"[""purple"", ""#ff7b68ee""]","[""AlpineQuest 2.3.9.r9012"", ""AlpineQuest 2.3.8b.r8787""]","[""AlpineQuest 2.3.8b.r8787""]","[""https://www.alpinequest.net"", ""https://www.alpinequest.net""]",[],"[""2.2. \u0426\u0435\u043b\u0438 \u0440\u0430\u0431\u043e\u0447\u0438\u0435 \u041b\u0415\u0421\u041e\u041f\u041e\u041b\u041e\u0421\u042b"", ""\u041a\u0443\u043b\u0430\u0447\u043e\u043a41""]",Кулачок41,10016600006099000000
"123,104,238,1",POINT (37.5852116 48.3366566),"[""purple"", ""#ff7b68ee""]","[""AlpineQuest 2.3.9.r9012"", ""AlpineQuest 2.3.8b.r8787""]","[""AlpineQuest 2.3.8b.r8787""]","[""https://www.alpinequest.net"", ""https://www.alpinequest.net""]",[],"[""2.2. \u0426\u0435\u043b\u0438 \u0440\u0430\u0431\u043e\u0447\u0438\u0435 \u041b\u0415\u0421\u041e\u041f\u041e\u041b\u041e\u0421\u042b"", ""\u041a\u0443\u043b\u0430\u0447\u043e\u043a42""]",Кулачок42,10016600006099000000
"123,104,238,1",POINT (37.5839489 48.3369558),"[""purple"", ""#ff7b68ee""]","[""AlpineQuest 2.3.9.r9012"", ""AlpineQuest 2.3.8b.r8787""]","[""AlpineQuest 2.3.8b.r8787""]","[""https://www.alpinequest.net"", ""https://www.alpinequest.net""]",[],"[""2.2. \u0426\u0435\u043b\u0438 \u0440\u0430\u0431\u043e\u0447\u0438\u0435 \u041b\u0415\u0421\u041e\u041f\u041e\u041b\u041e\u0421\u042b"", ""\u041a\u0443\u043b\u0430\u0447\u043e\u043a43""]",Кулачок43,10016600006099000000
"123,104,238,1",POINT (37.6284376 48.3102092),"[""purple"", ""#ff7b68ee""]","[""AlpineQuest 2.3.9.r9012"", ""AlpineQuest 2.3.8b.r8787""]","[""AlpineQuest 2.3.8b.r8787""]","[""https://www.alpinequest.net"", ""https://www.alpinequest.net""]",[],"[""2.2. \u0426\u0435\u043b\u0438 \u0440\u0430\u0431\u043e\u0447\u0438\u0435 \u041b\u0415\u0421\u041e\u041f\u041e\u041b\u041e\u0421\u042b"", ""\u0411\u0430\u0440\u0434\u0430\u043a1""]",Бардак1,10016600006099000000
"123,104,238,1",POINT (37.6285213 48.3111095),"[""purple"", ""#ff7b68ee""]","[""AlpineQuest 2.3.9.r9012"", ""AlpineQuest 2.3.8b.r8787""]","[""AlpineQuest 2.3.8b.r8787""]","[""https://www.alpinequest.net"", ""https://www.alpinequest.net""]",[],"[""2.2. \u0426\u0435\u043b\u0438 \u0440\u0430\u0431\u043e\u0447\u0438\u0435 \u041b\u0415\u0421\u041e\u041f\u041e\u041b\u041e\u0421\u042b"", ""\u0411\u0430\u0440\u0434\u0430\u043a2""]",Бардак2,10016600006099000000
"123,104,238,1",POINT (37.6286053 48.3120009),"[""purple"", ""#ff7b68ee""]","[""AlpineQuest 2.3.9.r9012"", ""AlpineQuest 2.3.8b.r8787""]","[""AlpineQuest 2.3.8b.r8787""]","[""https://www.alpinequest.net"", ""https://www.alpinequest.net""]",[],"[""2.2. \u0426\u0435\u043b\u0438 \u0440\u0430\u0431\u043e\u0447\u0438\u0435 \u041b\u0415\u0421\u041e\u041f\u041e\u041b\u041e\u0421\u042b"", ""\u0411\u0430\u0440\u0434\u0430\u043a3""]",Бардак3,10016600006099000000
"123,104,238,1",POINT (37.628689 48.3129012),"[""purple"", ""#ff7b68ee""]","[""AlpineQuest 2.3.9.r9012"", ""AlpineQuest 2.3.8b.r8787""]","[""AlpineQuest 2.3.8b.r8787""]","[""https://www.alpinequest.net"", ""https://www.alpinequest.net""]",[],"[""2.2. \u0426\u0435\u043b\u0438 \u0440\u0430\u0431\u043e\u0447\u0438\u0435 \u041b\u0415\u0421\u041e\u041f\u041e\u041b\u041e\u0421\u042b"", ""\u0411\u0430\u0440\u0434\u0430\u043a4""]",Бардак4,10016600006099000000
"123,104,238,1",POINT (37.6287727 48.3138015),"[""purple"", ""#ff7b68ee""]","[""AlpineQuest 2.3.9.r9012"", ""AlpineQuest 2.3.8b.r8787""]","[""AlpineQuest 2.3.8b.r8787""]","[""https://www.alpinequest.net"", ""https://www.alpinequest.net""]",[],"[""2.2. \u0426\u0435\u043b\u0438 \u0440\u0430\u0431\u043e\u0447\u0438\u0435 \u041b\u0415\u0421\u041e\u041f\u041e\u041b\u041e\u0421\u042b"", ""\u0411\u0430\u0440\u0434\u0430\u043a5""]",Бардак5,10016600006099000000
"123,104,238,1",POINT (37.6288567 48.3146929),"[""purple"", ""#ff7b68ee""]","[""AlpineQuest 2.3.9.r9012"", ""AlpineQuest 2.3.8b.r8787""]","[""AlpineQuest 2.3.8b.r8787""]","[""https://www.alpinequest.net"", ""https://www.alpinequest.net""]",[],"[""2.2. \u0426\u0435\u043b\u0438 \u0440\u0430\u0431\u043e\u0447\u0438\u0435 \u041b\u0415\u0421\u041e\u041f\u041e\u041b\u041e\u0421\u042b"", ""\u0411\u0430\u0440\u0434\u0430\u043a6""]",Бардак6,10016600006099000000
"123,104,238,1",POINT (37.6289404 48.3155932),"[""purple"", ""#ff7b68ee""]","[""AlpineQuest 2.3.9.r9012"", ""AlpineQuest 2.3.8b.r8787""]","[""AlpineQuest 2.3.8b.r8787""]","[""https://www.alpinequest.net"", ""https://www.alpinequest.net""]",[],"[""2.2. \u0426\u0435\u043b\u0438 \u0440\u0430\u0431\u043e\u0447\u0438\u0435 \u041b\u0415\u0421\u041e\u041f\u041e\u041b\u041e\u0421\u042b"", ""\u0411\u0430\u0440\u0434\u0430\u043a7""]",Бардак7,10016600006099000000
"123,104,238,1",POINT (37.6290242 48.3164936),"[""purple"", ""#ff7b68ee""]","[""AlpineQuest 2.3.9.r9012"", ""AlpineQuest 2.3.8b.r8787""]","[""AlpineQuest 2.3.8b.r8787""]","[""https://www.alpinequest.net"", ""https://www.alpinequest.net""]",[],"[""2.2. \u0426\u0435\u043b\u0438 \u0440\u0430\u0431\u043e\u0447\u0438\u0435 \u041b\u0415\u0421\u041e\u041f\u041e\u041b\u041e\u0421\u042b"", ""\u0411\u0430\u0440\u0434\u0430\u043a8""]",Бардак8,10016600006099000000
"123,104,238,1",POINT (37.6291081 48.3173849),"[""purple"", ""#ff7b68ee""]","[""AlpineQuest 2.3.9.r9012"", ""AlpineQuest 2.3.8b.r8787""]","[""AlpineQuest 2.3.8b.r8787""]","[""https://www.alpinequest.net"", ""https://www.alpinequest.net""]",[],"[""2.2. \u0426\u0435\u043b\u0438 \u0440\u0430\u0431\u043e\u0447\u0438\u0435 \u041b\u0415\u0421\u041e\u041f\u041e\u041b\u041e\u0421\u042b"", ""\u0411\u0430\u0440\u0434\u0430\u043a9""]",Бардак9,10016600006099000000
"123,104,238,1",POINT (37.6291919 48.3182852),"[""purple"", ""#ff7b68ee""]","[""AlpineQuest 2.3.9.r9012"", ""AlpineQuest 2.3.8b.r8787""]","[""AlpineQuest 2.3.8b.r8787""]","[""https://www.alpinequest.net"", ""https://www.alpinequest.net""]",[],"[""2.2. \u0426\u0435\u043b\u0438 \u0440\u0430\u0431\u043e\u0447\u0438\u0435 \u041b\u0415\u0421\u041e\u041f\u041e\u041b\u041e\u0421\u042b"", ""\u0411\u0430\u0440\u0434\u0430\u043a10""]",Бардак10,10016600006099000000
"123,104,238,1",POINT (37.6292756 48.3191856),"[""purple"", ""#ff7b68ee""]","[""AlpineQuest 2.3.9.r9012"", ""AlpineQuest 2.3.8b.r8787""]","[""AlpineQuest 2.3.8b.r8787""]","[""https://www.alpinequest.net"", ""https://www.alpinequest.net""]",[],"[""2.2. \u0426\u0435\u043b\u0438 \u0440\u0430\u0431\u043e\u0447\u0438\u0435 \u041b\u0415\u0421\u041e\u041f\u041e\u041b\u041e\u0421\u042b"", ""\u0411\u0430\u0440\u0434\u0430\u043a11""]",Бардак11,10016600006099000000
"123,104,238,1",POINT (37.6293596 48.3200769),"[""purple"", ""#ff7b68ee""]","[""AlpineQuest 2.3.9.r9012"", ""AlpineQuest 2.3.8b.r8787""]","[""AlpineQuest 2.3.8b.r8787""]","[""https://www.alpinequest.net"", ""https://www.alpinequest.net""]",[],"[""2.2. \u0426\u0435\u043b\u0438 \u0440\u0430\u0431\u043e\u0447\u0438\u0435 \u041b\u0415\u0421\u041e\u041f\u041e\u041b\u041e\u0421\u042b"", ""\u0411\u0430\u0440\u0434\u0430\u043a12""]",Бардак12,10016600006099000000
"123,104,238,1",POINT (37.6294434 48.3209773),"[""purple"", ""#ff7b68ee""]","[""AlpineQuest 2.3.9.r9012"", ""AlpineQuest 2.3.8b.r8787""]","[""AlpineQuest 2.3.8b.r8787""]","[""https://www.alpinequest.net"", ""https://www.alpinequest.net""]",[],"[""2.2. \u0426\u0435\u043b\u0438 \u0440\u0430\u0431\u043e\u0447\u0438\u0435 \u041b\u0415\u0421\u041e\u041f\u041e\u041b\u041e\u0421\u042b"", ""\u0411\u0430\u0440\u0434\u0430\u043a13""]",Бардак13,10016600006099000000
"123,104,238,1",POINT (37.6295271 48.3218776),"[""purple"", ""#ff7b68ee""]","[""AlpineQuest 2.3.9.r9012"", ""AlpineQuest 2.3.8b.r8787""]","[""AlpineQuest 2.3.8b.r8787""]","[""https://www.alpinequest.net"", ""https://www.alpinequest.net""]",[],"[""2.2. \u0426\u0435\u043b\u0438 \u0440\u0430\u0431\u043e\u0447\u0438\u0435 \u041b\u0415\u0421\u041e\u041f\u041e\u041b\u041e\u0421\u042b"", ""\u0411\u0430\u0440\u0434\u0430\u043a14""]",Бардак14,10016600006099000000
"123,104,238,1",POINT (37.6296111 48.3227689),"[""purple"", ""#ff7b68ee""]","[""AlpineQuest 2.3.9.r9012"", ""AlpineQuest 2.3.8b.r8787""]","[""AlpineQuest 2.3.8b.r8787""]","[""https://www.alpinequest.net"", ""https://www.alpinequest.net""]",[],"[""2.2. \u0426\u0435\u043b\u0438 \u0440\u0430\u0431\u043e\u0447\u0438\u0435 \u041b\u0415\u0421\u041e\u041f\u041e\u041b\u041e\u0421\u042b"", ""\u0411\u0430\u0440\u0434\u0430\u043a15""]",Бардак15,10016600006099000000
"123,104,238,1",POINT (37.6296949 48.3236693),"[""purple"", ""#ff7b68ee""]","[""AlpineQuest 2.3.9.r9012"", ""AlpineQuest 2.3.8b.r8787""]","[""AlpineQuest 2.3.8b.r8787""]","[""https://www.alpinequest.net"", ""https://www.alpinequest.net""]",[],"[""2.2. \u0426\u0435\u043b\u0438 \u0440\u0430\u0431\u043e\u0447\u0438\u0435 \u041b\u0415\u0421\u041e\u041f\u041e\u041b\u041e\u0421\u042b"", ""\u0411\u0430\u0440\u0434\u0430\u043a16""]",Бардак16,10016600006099000000
"123,104,238,1",POINT (37.6297786 48.3245696),"[""purple"", ""#ff7b68ee""]","[""AlpineQuest 2.3.9.r9012"", ""AlpineQuest 2.3.8b.r8787""]","[""AlpineQuest 2.3.8b.r8787""]","[""https://www.alpinequest.net"", ""https://www.alpinequest.net""]",[],"[""2.2. \u0426\u0435\u043b\u0438 \u0440\u0430\u0431\u043e\u0447\u0438\u0435 \u041b\u0415\u0421\u041e\u041f\u041e\u041b\u041e\u0421\u042b"", ""\u0411\u0430\u0440\u0434\u0430\u043a17""]",Бардак17,10016600006099000000
"123,104,238,1",POINT (37.6367472 48.309013),"[""purple"", ""#ff7b68ee""]","[""AlpineQuest 2.3.9.r9012"", ""AlpineQuest 2.3.8b.r8787""]","[""AlpineQuest 2.3.8b.r8787""]","[""https://www.alpinequest.net"", ""https://www.alpinequest.net""]",[],"[""2.2. \u0426\u0435\u043b\u0438 \u0440\u0430\u0431\u043e\u0447\u0438\u0435 \u041b\u0415\u0421\u041e\u041f\u041e\u041b\u041e\u0421\u042b"", ""\u0411\u0430\u0440\u0434\u0430\u043a 1-1""]",Бардак 1-1,10016600006099000000
"123,104,238,1",POINT (37.6368583 48.3099046),"[""purple"", ""#ff7b68ee""]","[""AlpineQuest 2.3.9.r9012"", ""AlpineQuest 2.3.8b.r8787""]","[""AlpineQuest 2.3.8b.r8787""]","[""https://www.alpinequest.net"", ""https://www.alpinequest.net""]",[],"[""2.2. \u0426\u0435\u043b\u0438 \u0440\u0430\u0431\u043e\u0447\u0438\u0435 \u041b\u0415\u0421\u041e\u041f\u041e\u041b\u041e\u0421\u042b"", ""\u0411\u0430\u0440\u0434\u0430\u043a 1-2""]",Бардак 1-2,10016600006099000000
"123,104,238,1",POINT (37.6369691 48.3108053),"[""purple"", ""#ff7b68ee""]","[""AlpineQuest 2.3.9.r9012"", ""AlpineQuest 2.3.8b.r8787""]","[""AlpineQuest 2.3.8b.r8787""]","[""https://www.alpinequest.net"", ""https://www.alpinequest.net""]",[],"[""2.2. \u0426\u0435\u043b\u0438 \u0440\u0430\u0431\u043e\u0447\u0438\u0435 \u041b\u0415\u0421\u041e\u041f\u041e\u041b\u041e\u0421\u042b"", ""\u0411\u0430\u0440\u0434\u0430\u043a 1-3""]",Бардак 1-3,10016600006099000000
"123,104,238,1",POINT (37.6370802 48.3116969),"[""purple"", ""#ff7b68ee""]","[""AlpineQuest 2.3.9.r9012"", ""AlpineQuest 2.3.8b.r8787""]","[""AlpineQuest 2.3.8b.r8787""]","[""https://www.alpinequest.net"", ""https://www.alpinequest.net""]",[],"[""2.2. \u0426\u0435\u043b\u0438 \u0440\u0430\u0431\u043e\u0447\u0438\u0435 \u041b\u0415\u0421\u041e\u041f\u041e\u041b\u041e\u0421\u042b"", ""\u0411\u0430\u0440\u0434\u0430\u043a 1-4""]",Бардак 1-4,10016600006099000000
"123,104,238,1",POINT (37.637191 48.3125976),"[""purple"", ""#ff7b68ee""]","[""AlpineQuest 2.3.9.r9012"", ""AlpineQuest 2.3.8b.r8787""]","[""AlpineQuest 2.3.8b.r8787""]","[""https://www.alpinequest.net"", ""https://www.alpinequest.net""]",[],"[""2.2. \u0426\u0435\u043b\u0438 \u0440\u0430\u0431\u043e\u0447\u0438\u0435 \u041b\u0415\u0421\u041e\u041f\u041e\u041b\u041e\u0421\u042b"", ""\u0411\u0430\u0440\u0434\u0430\u043a 1-5""]",Бардак 1-5,10016600006099000000
"123,104,238,1",POINT (37.6373021 48.3134893),"[""purple"", ""#ff7b68ee""]","[""AlpineQuest 2.3.9.r9012"", ""AlpineQuest 2.3.8b.r8787""]","[""AlpineQuest 2.3.8b.r8787""]","[""https://www.alpinequest.net"", ""https://www.alpinequest.net""]",[],"[""2.2. \u0426\u0435\u043b\u0438 \u0440\u0430\u0431\u043e\u0447\u0438\u0435 \u041b\u0415\u0421\u041e\u041f\u041e\u041b\u041e\u0421\u042b"", ""\u0411\u0430\u0440\u0434\u0430\u043a 1-6""]",Бардак 1-6,10016600006099000000
"123,104,238,1",POINT (37.6374129 48.3143899),"[""purple"", ""#ff7b68ee""]","[""AlpineQuest 2.3.9.r9012"", ""AlpineQuest 2.3.8b.r8787""]","[""AlpineQuest 2.3.8b.r8787""]","[""https://www.alpinequest.net"", ""https://www.alpinequest.net""]",[],"[""2.2. \u0426\u0435\u043b\u0438 \u0440\u0430\u0431\u043e\u0447\u0438\u0435 \u041b\u0415\u0421\u041e\u041f\u041e\u041b\u041e\u0421\u042b"", ""\u0411\u0430\u0440\u0434\u0430\u043a 1-7""]",Бардак 1-7,10016600006099000000
"123,104,238,1",POINT (37.637524 48.3152816),"[""purple"", ""#ff7b68ee""]","[""AlpineQuest 2.3.9.r9012"", ""AlpineQuest 2.3.8b.r8787""]","[""AlpineQuest 2.3.8b.r8787""]","[""https://www.alpinequest.net"", ""https://www.alpinequest.net""]",[],"[""2.2. \u0426\u0435\u043b\u0438 \u0440\u0430\u0431\u043e\u0447\u0438\u0435 \u041b\u0415\u0421\u041e\u041f\u041e\u041b\u041e\u0421\u042b"", ""\u0411\u0430\u0440\u0434\u0430\u043a 1-8""]",Бардак 1-8,10016600006099000000
"123,104,238,1",POINT (37.6376348 48.3161822),"[""purple"", ""#ff7b68ee""]","[""AlpineQuest 2.3.9.r9012"", ""AlpineQuest 2.3.8b.r8787""]","[""AlpineQuest 2.3.8b.r8787""]","[""https://www.alpinequest.net"", ""https://www.alpinequest.net""]",[],"[""2.2. \u0426\u0435\u043b\u0438 \u0440\u0430\u0431\u043e\u0447\u0438\u0435 \u041b\u0415\u0421\u041e\u041f\u041e\u041b\u041e\u0421\u042b"", ""\u0411\u0430\u0440\u0434\u0430\u043a 1-9""]",Бардак 1-9,10016600006099000000
"123,104,238,1",POINT (37.6377459 48.3170739),"[""purple"", ""#ff7b68ee""]","[""AlpineQuest 2.3.9.r9012"", ""AlpineQuest 2.3.8b.r8787""]","[""AlpineQuest 2.3.8b.r8787""]","[""https://www.alpinequest.net"", ""https://www.alpinequest.net""]",[],"[""2.2. \u0426\u0435\u043b\u0438 \u0440\u0430\u0431\u043e\u0447\u0438\u0435 \u041b\u0415\u0421\u041e\u041f\u041e\u041b\u041e\u0421\u042b"", ""\u0411\u0430\u0440\u0434\u0430\u043a 1-10""]",Бардак 1-10,10016600006099000000
"123,104,238,1",POINT (37.6378568 48.3179745),"[""purple"", ""#ff7b68ee""]","[""AlpineQuest 2.3.9.r9012"", ""AlpineQuest 2.3.8b.r8787""]","[""AlpineQuest 2.3.8b.r8787""]","[""https://www.alpinequest.net"", ""https://www.alpinequest.net""]",[],"[""2.2. \u0426\u0435\u043b\u0438 \u0440\u0430\u0431\u043e\u0447\u0438\u0435 \u041b\u0415\u0421\u041e\u041f\u041e\u041b\u041e\u0421\u042b"", ""\u0411\u0430\u0440\u0434\u0430\u043a 1-11""]",Бардак 1-11,10016600006099000000
"123,104,238,1",POINT (37.6379679 48.3188662),"[""purple"", ""#ff7b68ee""]","[""AlpineQuest 2.3.9.r9012"", ""AlpineQuest 2.3.8b.r8787""]","[""AlpineQuest 2.3.8b.r8787""]","[""https://www.alpinequest.net"", ""https://www.alpinequest.net""]",[],"[""2.2. \u0426\u0435\u043b\u0438 \u0440\u0430\u0431\u043e\u0447\u0438\u0435 \u041b\u0415\u0421\u041e\u041f\u041e\u041b\u041e\u0421\u042b"", ""\u0411\u0430\u0440\u0434\u0430\u043a 1-12""]",Бардак 1-12,10016600006099000000
"123,104,238,1",POINT (37.6380787 48.3197668),"[""purple"", ""#ff7b68ee""]","[""AlpineQuest 2.3.9.r9012"", ""AlpineQuest 2.3.8b.r8787""]","[""AlpineQuest 2.3.8b.r8787""]","[""https://www.alpinequest.net"", ""https://www.alpinequest.net""]",[],"[""2.2. \u0426\u0435\u043b\u0438 \u0440\u0430\u0431\u043e\u0447\u0438\u0435 \u041b\u0415\u0421\u041e\u041f\u041e\u041b\u041e\u0421\u042b"", ""\u0411\u0430\u0440\u0434\u0430\u043a 1-13""]",Бардак 1-13,10016600006099000000
"123,104,238,1",POINT (37.6381898 48.3206585),"[""purple"", ""#ff7b68ee""]","[""AlpineQuest 2.3.9.r9012"", ""AlpineQuest 2.3.8b.r8787""]","[""AlpineQuest 2.3.8b.r8787""]","[""https://www.alpinequest.net"", ""https://www.alpinequest.net""]",[],"[""2.2. \u0426\u0435\u043b\u0438 \u0440\u0430\u0431\u043e\u0447\u0438\u0435 \u041b\u0415\u0421\u041e\u041f\u041e\u041b\u041e\u0421\u042b"", ""\u0411\u0430\u0440\u0434\u0430\u043a 1-14""]",Бардак 1-14,10016600006099000000
"123,104,238,1",POINT (37.6383007 48.3215591),"[""purple"", ""#ff7b68ee""]","[""AlpineQuest 2.3.9.r9012"", ""AlpineQuest 2.3.8b.r8787""]","[""AlpineQuest 2.3.8b.r8787""]","[""https://www.alpinequest.net"", ""https://www.alpinequest.net""]",[],"[""2.2. \u0426\u0435\u043b\u0438 \u0440\u0430\u0431\u043e\u0447\u0438\u0435 \u041b\u0415\u0421\u041e\u041f\u041e\u041b\u041e\u0421\u042b"", ""\u0411\u0430\u0440\u0434\u0430\u043a 1-15""]",Бардак 1-15,10016600006099000000
"123,104,238,1",POINT (37.6384118 48.3224508),"[""purple"", ""#ff7b68ee""]","[""AlpineQuest 2.3.9.r9012"", ""AlpineQuest 2.3.8b.r8787""]","[""AlpineQuest 2.3.8b.r8787""]","[""https://www.alpinequest.net"", ""https://www.alpinequest.net""]",[],"[""2.2. \u0426\u0435\u043b\u0438 \u0440\u0430\u0431\u043e\u0447\u0438\u0435 \u041b\u0415\u0421\u041e\u041f\u041e\u041b\u041e\u0421\u042b"", ""\u0411\u0430\u0440\u0434\u0430\u043a 1-16""]",Бардак 1-16,10016600006099000000
"123,104,238,1",POINT (37.5953059 48.3119406),"[""purple"", ""#ff7b68ee""]","[""AlpineQuest 2.3.9.r9012"", ""AlpineQuest 2.3.8b.r8787""]","[""AlpineQuest 2.3.8b.r8787""]","[""https://www.alpinequest.net"", ""https://www.alpinequest.net""]",[],"[""2.2. \u0426\u0435\u043b\u0438 \u0440\u0430\u0431\u043e\u0447\u0438\u0435 \u041b\u0415\u0421\u041e\u041f\u041e\u041b\u041e\u0421\u042b"", ""\u041a\u043e\u0447\u0435\u0440\u0433\u04301""]",Кочерга1,10016600006099000000
"123,104,238,1",POINT (37.5959311 48.3127397),"[""purple"", ""#ff7b68ee""]","[""AlpineQuest 2.3.9.r9012"", ""AlpineQuest 2.3.8b.r8787""]","[""AlpineQuest 2.3.8b.r8787""]","[""https://www.alpinequest.net"", ""https://www.alpinequest.net""]",[],"[""2.2. \u0426\u0435\u043b\u0438 \u0440\u0430\u0431\u043e\u0447\u0438\u0435 \u041b\u0415\u0421\u041e\u041f\u041e\u041b\u041e\u0421\u042b"", ""\u041a\u043e\u0447\u0435\u0440\u0433\u04302""]",Кочерга2,10016600006099000000
"123,104,238,1",POINT (37.5965566 48.3135297),"[""purple"", ""#ff7b68ee""]","[""AlpineQuest 2.3.9.r9012"", ""AlpineQuest 2.3.8b.r8787""]","[""AlpineQuest 2.3.8b.r8787""]","[""https://www.alpinequest.net"", ""https://www.alpinequest.net""]",[],"[""2.2. \u0426\u0435\u043b\u0438 \u0440\u0430\u0431\u043e\u0447\u0438\u0435 \u041b\u0415\u0421\u041e\u041f\u041e\u041b\u041e\u0421\u042b"", ""\u041a\u043e\u0447\u0435\u0440\u0433\u04303""]",Кочерга3,10016600006099000000
"123,104,238,1",POINT (37.5971818 48.3143288),"[""purple"", ""#ff7b68ee""]","[""AlpineQuest 2.3.9.r9012"", ""AlpineQuest 2.3.8b.r8787""]","[""AlpineQuest 2.3.8b.r8787""]","[""https://www.alpinequest.net"", ""https://www.alpinequest.net""]",[],"[""2.2. \u0426\u0435\u043b\u0438 \u0440\u0430\u0431\u043e\u0447\u0438\u0435 \u041b\u0415\u0421\u041e\u041f\u041e\u041b\u041e\u0421\u042b"", ""\u041a\u043e\u0447\u0435\u0440\u0433\u04304""]",Кочерга4,10016600006099000000
"123,104,238,1",POINT (37.5978206 48.315128),"[""purple"", ""#ff7b68ee""]","[""AlpineQuest 2.3.9.r9012"", ""AlpineQuest 2.3.8b.r8787""]","[""AlpineQuest 2.3.8b.r8787""]","[""https://www.alpinequest.net"", ""https://www.alpinequest.net""]",[],"[""2.2. \u0426\u0435\u043b\u0438 \u0440\u0430\u0431\u043e\u0447\u0438\u0435 \u041b\u0415\u0421\u041e\u041f\u041e\u041b\u041e\u0421\u042b"", ""\u041a\u043e\u0447\u0435\u0440\u0433\u04305""]",Кочерга5,10016600006099000000
"123,104,238,1",POINT (37.5984461 48.315918),"[""purple"", ""#ff7b68ee""]","[""AlpineQuest 2.3.9.r9012"", ""AlpineQuest 2.3.8b.r8787""]","[""AlpineQuest 2.3.8b.r8787""]","[""https://www.alpinequest.net"", ""https://www.alpinequest.net""]",[],"[""2.2. \u0426\u0435\u043b\u0438 \u0440\u0430\u0431\u043e\u0447\u0438\u0435 \u041b\u0415\u0421\u041e\u041f\u041e\u041b\u041e\u0421\u042b"", ""\u041a\u043e\u0447\u0435\u0440\u0433\u04306""]",Кочерга6,10016600006099000000
"123,104,238,1",POINT (37.5990714 48.3167171),"[""purple"", ""#ff7b68ee""]","[""AlpineQuest 2.3.9.r9012"", ""AlpineQuest 2.3.8b.r8787""]","[""AlpineQuest 2.3.8b.r8787""]","[""https://www.alpinequest.net"", ""https://www.alpinequest.net""]",[],"[""2.2. \u0426\u0435\u043b\u0438 \u0440\u0430\u0431\u043e\u0447\u0438\u0435 \u041b\u0415\u0421\u041e\u041f\u041e\u041b\u041e\u0421\u042b"", ""\u041a\u043e\u0447\u0435\u0440\u0433\u04307""]",Кочерга7,10016600006099000000
"123,104,238,1",POINT (37.5996968 48.3175161),"[""purple"", ""#ff7b68ee""]","[""AlpineQuest 2.3.9.r9012"", ""AlpineQuest 2.3.8b.r8787""]","[""AlpineQuest 2.3.8b.r8787""]","[""https://www.alpinequest.net"", ""https://www.alpinequest.net""]",[],"[""2.2. \u0426\u0435\u043b\u0438 \u0440\u0430\u0431\u043e\u0447\u0438\u0435 \u041b\u0415\u0421\u041e\u041f\u041e\u041b\u041e\u0421\u042b"", ""\u041a\u043e\u0447\u0435\u0440\u0433\u04308""]",Кочерга8,10016600006099000000
"123,104,238,1",POINT (37.6003224 48.3183061),"[""purple"", ""#ff7b68ee""]","[""AlpineQuest 2.3.9.r9012"", ""AlpineQuest 2.3.8b.r8787""]","[""AlpineQuest 2.3.8b.r8787""]","[""https://www.alpinequest.net"", ""https://www.alpinequest.net""]",[],"[""2.2. \u0426\u0435\u043b\u0438 \u0440\u0430\u0431\u043e\u0447\u0438\u0435 \u041b\u0415\u0421\u041e\u041f\u041e\u041b\u041e\u0421\u042b"", ""\u041a\u043e\u0447\u0435\u0440\u0433\u04309""]",Кочерга9,10016600006099000000
"123,104,238,1",POINT (37.6009477 48.3191052),"[""purple"", ""#ff7b68ee""]","[""AlpineQuest 2.3.9.r9012"", ""AlpineQuest 2.3.8b.r8787""]","[""AlpineQuest 2.3.8b.r8787""]","[""https://www.alpinequest.net"", ""https://www.alpinequest.net""]",[],"[""2.2. \u0426\u0435\u043b\u0438 \u0440\u0430\u0431\u043e\u0447\u0438\u0435 \u041b\u0415\u0421\u041e\u041f\u041e\u041b\u041e\u0421\u042b"", ""\u041a\u043e\u0447\u0435\u0440\u0433\u043010""]",Кочерга10,10016600006099000000
"123,104,238,1",POINT (37.6015731 48.3199042),"[""purple"", ""#ff7b68ee""]","[""AlpineQuest 2.3.9.r9012"", ""AlpineQuest 2.3.8b.r8787""]","[""AlpineQuest 2.3.8b.r8787""]","[""https://www.alpinequest.net"", ""https://www.alpinequest.net""]",[],"[""2.2. \u0426\u0435\u043b\u0438 \u0440\u0430\u0431\u043e\u0447\u0438\u0435 \u041b\u0415\u0421\u041e\u041f\u041e\u041b\u041e\u0421\u042b"", ""\u041a\u043e\u0447\u0435\u0440\u0433\u043011""]",Кочерга11,10016600006099000000
"123,104,238,1",POINT (37.6021988 48.3206942),"[""purple"", ""#ff7b68ee""]","[""AlpineQuest 2.3.9.r9012"", ""AlpineQuest 2.3.8b.r8787""]","[""AlpineQuest 2.3.8b.r8787""]","[""https://www.alpinequest.net"", ""https://www.alpinequest.net""]",[],"[""2.2. \u0426\u0435\u043b\u0438 \u0440\u0430\u0431\u043e\u0447\u0438\u0435 \u041b\u0415\u0421\u041e\u041f\u041e\u041b\u041e\u0421\u042b"", ""\u041a\u043e\u0447\u0435\u0440\u0433\u043012""]",Кочерга12,10016600006099000000
"123,104,238,1",POINT (37.6028377 48.3214934),"[""purple"", ""#ff7b68ee""]","[""AlpineQuest 2.3.9.r9012"", ""AlpineQuest 2.3.8b.r8787""]","[""AlpineQuest 2.3.8b.r8787""]","[""https://www.alpinequest.net"", ""https://www.alpinequest.net""]",[],"[""2.2. \u0426\u0435\u043b\u0438 \u0440\u0430\u0431\u043e\u0447\u0438\u0435 \u041b\u0415\u0421\u041e\u041f\u041e\u041b\u041e\u0421\u042b"", ""\u041a\u043e\u0447\u0435\u0440\u0433\u043013""]",Кочерга13,10016600006099000000
"123,104,238,1",POINT (37.6055129 48.2985478),"[""purple"", ""#ff7b68ee""]","[""AlpineQuest 2.3.9.r9012"", ""AlpineQuest 2.3.8b.r8787""]","[""AlpineQuest 2.3.8b.r8787""]","[""https://www.alpinequest.net"", ""https://www.alpinequest.net""]",[],"[""2.2. \u0426\u0435\u043b\u0438 \u0440\u0430\u0431\u043e\u0447\u0438\u0435 \u041b\u0415\u0421\u041e\u041f\u041e\u041b\u041e\u0421\u042b"", ""\u041c\u0430\u04331""]",Маг1,10016600006099000000
"123,104,238,1",POINT (37.6042123 48.2987928),"[""purple"", ""#ff7b68ee""]","[""AlpineQuest 2.3.9.r9012"", ""AlpineQuest 2.3.8b.r8787""]","[""AlpineQuest 2.3.8b.r8787""]","[""https://www.alpinequest.net"", ""https://www.alpinequest.net""]",[],"[""2.2. \u0426\u0435\u043b\u0438 \u0440\u0430\u0431\u043e\u0447\u0438\u0435 \u041b\u0415\u0421\u041e\u041f\u041e\u041b\u041e\u0421\u042b"", ""\u041c\u0430\u04332""]",Маг2,10016600006099000000
"123,104,238,1",POINT (37.6029251 48.299038),"[""purple"", ""#ff7b68ee""]","[""AlpineQuest 2.3.9.r9012"", ""AlpineQuest 2.3.8b.r8787""]","[""AlpineQuest 2.3.8b.r8787""]","[""https://www.alpinequest.net"", ""https://www.alpinequest.net""]",[],"[""2.2. \u0426\u0435\u043b\u0438 \u0440\u0430\u0431\u043e\u0447\u0438\u0435 \u041b\u0415\u0421\u041e\u041f\u041e\u041b\u041e\u0421\u042b"", ""\u041c\u0430\u04333""]",Маг3,10016600006099000000
"123,104,238,1",POINT (37.6016244 48.299283),"[""purple"", ""#ff7b68ee""]","[""AlpineQuest 2.3.9.r9012"", ""AlpineQuest 2.3.8b.r8787""]","[""AlpineQuest 2.3.8b.r8787""]","[""https://www.alpinequest.net"", ""https://www.alpinequest.net""]",[],"[""2.2. \u0426\u0435\u043b\u0438 \u0440\u0430\u0431\u043e\u0447\u0438\u0435 \u041b\u0415\u0421\u041e\u041f\u041e\u041b\u041e\u0421\u042b"", ""\u041c\u0430\u04334""]",Маг4,10016600006099000000
"123,104,238,1",POINT (37.6003238 48.2995279),"[""purple"", ""#ff7b68ee""]","[""AlpineQuest 2.3.9.r9012"", ""AlpineQuest 2.3.8b.r8787""]","[""AlpineQuest 2.3.8b.r8787""]","[""https://www.alpinequest.net"", ""https://www.alpinequest.net""]",[],"[""2.2. \u0426\u0435\u043b\u0438 \u0440\u0430\u0431\u043e\u0447\u0438\u0435 \u041b\u0415\u0421\u041e\u041f\u041e\u041b\u041e\u0421\u042b"", ""\u041c\u0430\u04335""]",Маг5,10016600006099000000
"123,104,238,1",POINT (37.5995353 48.3002648),"[""purple"", ""#ff7b68ee""]","[""AlpineQuest 2.3.9.r9012"", ""AlpineQuest 2.3.8b.r8787""]","[""AlpineQuest 2.3.8b.r8787""]","[""https://www.alpinequest.net"", ""https://www.alpinequest.net""]",[],"[""2.2. \u0426\u0435\u043b\u0438 \u0440\u0430\u0431\u043e\u0447\u0438\u0435 \u041b\u0415\u0421\u041e\u041f\u041e\u041b\u041e\u0421\u042b"", ""\u041c\u0430\u04336""]",Маг6,10016600006099000000
"123,104,238,1",POINT (37.5996729 48.3011478),"[""purple"", ""#ff7b68ee""]","[""AlpineQuest 2.3.9.r9012"", ""AlpineQuest 2.3.8b.r8787""]","[""AlpineQuest 2.3.8b.r8787""]","[""https://www.alpinequest.net"", ""https://www.alpinequest.net""]",[],"[""2.2. \u0426\u0435\u043b\u0438 \u0440\u0430\u0431\u043e\u0447\u0438\u0435 \u041b\u0415\u0421\u041e\u041f\u041e\u041b\u041e\u0421\u042b"", ""\u041c\u0430\u04337""]",Маг7,10016600006099000000
"123,104,238,1",POINT (37.5986857 48.3017563),"[""purple"", ""#ff7b68ee""]","[""AlpineQuest 2.3.9.r9012"", ""AlpineQuest 2.3.8b.r8787""]","[""AlpineQuest 2.3.8b.r8787""]","[""https://www.alpinequest.net"", ""https://www.alpinequest.net""]",[],"[""2.2. \u0426\u0435\u043b\u0438 \u0440\u0430\u0431\u043e\u0447\u0438\u0435 \u041b\u0415\u0421\u041e\u041f\u041e\u041b\u041e\u0421\u042b"", ""\u041c\u0430\u04338""]",Маг8,10016600006099000000
"123,104,238,1",POINT (37.5976985 48.3023648),"[""purple"", ""#ff7b68ee""]","[""AlpineQuest 2.3.9.r9012"", ""AlpineQuest 2.3.8b.r8787""]","[""AlpineQuest 2.3.8b.r8787""]","[""https://www.alpinequest.net"", ""https://www.alpinequest.net""]",[],"[""2.2. \u0426\u0435\u043b\u0438 \u0440\u0430\u0431\u043e\u0447\u0438\u0435 \u041b\u0415\u0421\u041e\u041f\u041e\u041b\u041e\u0421\u042b"", ""\u041c\u0430\u04339""]",Маг9,10016600006099000000
"123,104,238,1",POINT (37.5966976 48.3029822),"[""purple"", ""#ff7b68ee""]","[""AlpineQuest 2.3.9.r9012"", ""AlpineQuest 2.3.8b.r8787""]","[""AlpineQuest 2.3.8b.r8787""]","[""https://www.alpinequest.net"", ""https://www.alpinequest.net""]",[],"[""2.2. \u0426\u0435\u043b\u0438 \u0440\u0430\u0431\u043e\u0447\u0438\u0435 \u041b\u0415\u0421\u041e\u041f\u041e\u041b\u041e\u0421\u042b"", ""\u041c\u0430\u043310""]",Маг10,10016600006099000000
"123,104,238,1",POINT (37.5957103 48.3035907),"[""purple"", ""#ff7b68ee""]","[""AlpineQuest 2.3.9.r9012"", ""AlpineQuest 2.3.8b.r8787""]","[""AlpineQuest 2.3.8b.r8787""]","[""https://www.alpinequest.net"", ""https://www.alpinequest.net""]",[],"[""2.2. \u0426\u0435\u043b\u0438 \u0440\u0430\u0431\u043e\u0447\u0438\u0435 \u041b\u0415\u0421\u041e\u041f\u041e\u041b\u041e\u0421\u042b"", ""\u041c\u0430\u043311""]",Маг11,10016600006099000000
"123,104,238,1",POINT (37.595229 48.3044302),"[""purple"", ""#ff7b68ee""]","[""AlpineQuest 2.3.9.r9012"", ""AlpineQuest 2.3.8b.r8787""]","[""AlpineQuest 2.3.8b.r8787""]","[""https://www.alpinequest.net"", ""https://www.alpinequest.net""]",[],"[""2.2. \u0426\u0435\u043b\u0438 \u0440\u0430\u0431\u043e\u0447\u0438\u0435 \u041b\u0415\u0421\u041e\u041f\u041e\u041b\u041e\u0421\u042b"", ""\u041c\u0430\u043312""]",Маг12,10016600006099000000
"123,104,238,1",POINT (37.594627 48.3052412),"[""purple"", ""#ff7b68ee""]","[""AlpineQuest 2.3.9.r9012"", ""AlpineQuest 2.3.8b.r8787""]","[""AlpineQuest 2.3.8b.r8787""]","[""https://www.alpinequest.net"", ""https://www.alpinequest.net""]",[],"[""2.2. \u0426\u0435\u043b\u0438 \u0440\u0430\u0431\u043e\u0447\u0438\u0435 \u041b\u0415\u0421\u041e\u041f\u041e\u041b\u041e\u0421\u042b"", ""\u041c\u0430\u043313""]",Маг13,10016600006099000000
"123,104,238,1",POINT (37.5935604 48.3057947),"[""purple"", ""#ff7b68ee""]","[""AlpineQuest 2.3.9.r9012"", ""AlpineQuest 2.3.8b.r8787""]","[""AlpineQuest 2.3.8b.r8787""]","[""https://www.alpinequest.net"", ""https://www.alpinequest.net""]",[],"[""2.2. \u0426\u0435\u043b\u0438 \u0440\u0430\u0431\u043e\u0447\u0438\u0435 \u041b\u0415\u0421\u041e\u041f\u041e\u041b\u041e\u0421\u042b"", ""\u041c\u0430\u043314""]",Маг14,10016600006099000000
"123,104,238,1",POINT (37.5926923 48.3064766),"[""purple"", ""#ff7b68ee""]","[""AlpineQuest 2.3.9.r9012"", ""AlpineQuest 2.3.8b.r8787""]","[""AlpineQuest 2.3.8b.r8787""]","[""https://www.alpinequest.net"", ""https://www.alpinequest.net""]",[],"[""2.2. \u0426\u0435\u043b\u0438 \u0440\u0430\u0431\u043e\u0447\u0438\u0435 \u041b\u0415\u0421\u041e\u041f\u041e\u041b\u041e\u0421\u042b"", ""\u041c\u0430\u043315""]",Маг15,10016600006099000000
"123,104,238,1",POINT (37.5918243 48.3071585),"[""purple"", ""#ff7b68ee""]","[""AlpineQuest 2.3.9.r9012"", ""AlpineQuest 2.3.8b.r8787""]","[""AlpineQuest 2.3.8b.r8787""]","[""https://www.alpinequest.net"", ""https://www.alpinequest.net""]",[],"[""2.2. \u0426\u0435\u043b\u0438 \u0440\u0430\u0431\u043e\u0447\u0438\u0435 \u041b\u0415\u0421\u041e\u041f\u041e\u041b\u041e\u0421\u042b"", ""\u041c\u0430\u043316""]",Маг16,10016600006099000000
"123,104,238,1",POINT (37.5909559 48.3078493),"[""purple"", ""#ff7b68ee""]","[""AlpineQuest 2.3.9.r9012"", ""AlpineQuest 2.3.8b.r8787""]","[""AlpineQuest 2.3.8b.r8787""]","[""https://www.alpinequest.net"", ""https://www.alpinequest.net""]",[],"[""2.2. \u0426\u0435\u043b\u0438 \u0440\u0430\u0431\u043e\u0447\u0438\u0435 \u041b\u0415\u0421\u041e\u041f\u041e\u041b\u041e\u0421\u042b"", ""\u041c\u0430\u043317""]",Маг17,10016600006099000000
"123,104,238,1",POINT (37.5900741 48.30854),"[""purple"", ""#ff7b68ee""]","[""AlpineQuest 2.3.9.r9012"", ""AlpineQuest 2.3.8b.r8787""]","[""AlpineQuest 2.3.8b.r8787""]","[""https://www.alpinequest.net"", ""https://www.alpinequest.net""]",[],"[""2.2. \u0426\u0435\u043b\u0438 \u0440\u0430\u0431\u043e\u0447\u0438\u0435 \u041b\u0415\u0421\u041e\u041f\u041e\u041b\u041e\u0421\u042b"", ""\u041c\u0430\u043318""]",Маг18,10016600006099000000
"123,104,238,1",POINT (37.5890208 48.3090937),"[""purple"", ""#ff7b68ee""]","[""AlpineQuest 2.3.9.r9012"", ""AlpineQuest 2.3.8b.r8787""]","[""AlpineQuest 2.3.8b.r8787""]","[""https://www.alpinequest.net"", ""https://www.alpinequest.net""]",[],"[""2.2. \u0426\u0435\u043b\u0438 \u0440\u0430\u0431\u043e\u0447\u0438\u0435 \u041b\u0415\u0421\u041e\u041f\u041e\u041b\u041e\u0421\u042b"", ""\u041c\u0430\u043319""]",Маг19,10016600006099000000
"123,104,238,1",POINT (37.5883254 48.3098676),"[""purple"", ""#ff7b68ee""]","[""AlpineQuest 2.3.9.r9012"", ""AlpineQuest 2.3.8b.r8787""]","[""AlpineQuest 2.3.8b.r8787""]","[""https://www.alpinequest.net"", ""https://www.alpinequest.net""]",[],"[""2.2. \u0426\u0435\u043b\u0438 \u0440\u0430\u0431\u043e\u0447\u0438\u0435 \u041b\u0415\u0421\u041e\u041f\u041e\u041b\u041e\u0421\u042b"", ""\u041c\u0430\u043320""]",Маг20,10016600006099000000
"123,104,238,1",POINT (37.5876436 48.3106326),"[""purple"", ""#ff7b68ee""]","[""AlpineQuest 2.3.9.r9012"", ""AlpineQuest 2.3.8b.r8787""]","[""AlpineQuest 2.3.8b.r8787""]","[""https://www.alpinequest.net"", ""https://www.alpinequest.net""]",[],"[""2.2. \u0426\u0435\u043b\u0438 \u0440\u0430\u0431\u043e\u0447\u0438\u0435 \u041b\u0415\u0421\u041e\u041f\u041e\u041b\u041e\u0421\u042b"", ""\u041c\u0430\u043321""]",Маг21,10016600006099000000
"123,104,238,1",POINT (37.5869482 48.3114065),"[""purple"", ""#ff7b68ee""]","[""AlpineQuest 2.3.9.r9012"", ""AlpineQuest 2.3.8b.r8787""]","[""AlpineQuest 2.3.8b.r8787""]","[""https://www.alpinequest.net"", ""https://www.alpinequest.net""]",[],"[""2.2. \u0426\u0435\u043b\u0438 \u0440\u0430\u0431\u043e\u0447\u0438\u0435 \u041b\u0415\u0421\u041e\u041f\u041e\u041b\u041e\u0421\u042b"", ""\u041c\u0430\u043322""]",Маг22,10016600006099000000
"123,104,238,1",POINT (37.5862527 48.3121804),"[""purple"", ""#ff7b68ee""]","[""AlpineQuest 2.3.9.r9012"", ""AlpineQuest 2.3.8b.r8787""]","[""AlpineQuest 2.3.8b.r8787""]","[""https://www.alpinequest.net"", ""https://www.alpinequest.net""]",[],"[""2.2. \u0426\u0435\u043b\u0438 \u0440\u0430\u0431\u043e\u0447\u0438\u0435 \u041b\u0415\u0421\u041e\u041f\u041e\u041b\u041e\u0421\u042b"", ""\u041c\u0430\u043323""]",Маг23,10016600006099000000
"123,104,238,1",POINT (37.5855572 48.3129542),"[""purple"", ""#ff7b68ee""]","[""AlpineQuest 2.3.9.r9012"", ""AlpineQuest 2.3.8b.r8787""]","[""AlpineQuest 2.3.8b.r8787""]","[""https://www.alpinequest.net"", ""https://www.alpinequest.net""]",[],"[""2.2. \u0426\u0435\u043b\u0438 \u0440\u0430\u0431\u043e\u0447\u0438\u0435 \u041b\u0415\u0421\u041e\u041f\u041e\u041b\u041e\u0421\u042b"", ""\u041c\u0430\u043324""]",Маг24,10016600006099000000
"123,104,238,1",POINT (37.5848754 48.3137193),"[""purple"", ""#ff7b68ee""]","[""AlpineQuest 2.3.9.r9012"", ""AlpineQuest 2.3.8b.r8787""]","[""AlpineQuest 2.3.8b.r8787""]","[""https://www.alpinequest.net"", ""https://www.alpinequest.net""]",[],"[""2.2. \u0426\u0435\u043b\u0438 \u0440\u0430\u0431\u043e\u0447\u0438\u0435 \u041b\u0415\u0421\u041e\u041f\u041e\u041b\u041e\u0421\u042b"", ""\u041c\u0430\u043325""]",Маг25,10016600006099000000
"123,104,238,1",POINT (37.5841798 48.3144932),"[""purple"", ""#ff7b68ee""]","[""AlpineQuest 2.3.9.r9012"", ""AlpineQuest 2.3.8b.r8787""]","[""AlpineQuest 2.3.8b.r8787""]","[""https://www.alpinequest.net"", ""https://www.alpinequest.net""]",[],"[""2.2. \u0426\u0435\u043b\u0438 \u0440\u0430\u0431\u043e\u0447\u0438\u0435 \u041b\u0415\u0421\u041e\u041f\u041e\u041b\u041e\u0421\u042b"", ""\u041c\u0430\u043326""]",Маг26,10016600006099000000
"123,104,238,1",POINT (37.5834842 48.315267),"[""purple"", ""#ff7b68ee""]","[""AlpineQuest 2.3.9.r9012"", ""AlpineQuest 2.3.8b.r8787""]","[""AlpineQuest 2.3.8b.r8787""]","[""https://www.alpinequest.net"", ""https://www.alpinequest.net""]",[],"[""2.2. \u0426\u0435\u043b\u0438 \u0440\u0430\u0431\u043e\u0447\u0438\u0435 \u041b\u0415\u0421\u041e\u041f\u041e\u041b\u041e\u0421\u042b"", ""\u041c\u0430\u043327""]",Маг27,10016600006099000000
"123,104,238,1",POINT (37.5828555 48.3160597),"[""purple"", ""#ff7b68ee""]","[""AlpineQuest 2.3.9.r9012"", ""AlpineQuest 2.3.8b.r8787""]","[""AlpineQuest 2.3.8b.r8787""]","[""https://www.alpinequest.net"", ""https://www.alpinequest.net""]",[],"[""2.2. \u0426\u0435\u043b\u0438 \u0440\u0430\u0431\u043e\u0447\u0438\u0435 \u041b\u0415\u0421\u041e\u041f\u041e\u041b\u041e\u0421\u042b"", ""\u041c\u0430\u043328""]",Маг28,10016600006099000000
"123,104,238,1",POINT (37.5822401 48.3168615),"[""purple"", ""#ff7b68ee""]","[""AlpineQuest 2.3.9.r9012"", ""AlpineQuest 2.3.8b.r8787""]","[""AlpineQuest 2.3.8b.r8787""]","[""https://www.alpinequest.net"", ""https://www.alpinequest.net""]",[],"[""2.2. \u0426\u0435\u043b\u0438 \u0440\u0430\u0431\u043e\u0447\u0438\u0435 \u041b\u0415\u0421\u041e\u041f\u041e\u041b\u041e\u0421\u042b"", ""\u041c\u0430\u043329""]",Маг29,10016600006099000000
"123,104,238,1",POINT (37.5816113 48.3176542),"[""purple"", ""#ff7b68ee""]","[""AlpineQuest 2.3.9.r9012"", ""AlpineQuest 2.3.8b.r8787""]","[""AlpineQuest 2.3.8b.r8787""]","[""https://www.alpinequest.net"", ""https://www.alpinequest.net""]",[],"[""2.2. \u0426\u0435\u043b\u0438 \u0440\u0430\u0431\u043e\u0447\u0438\u0435 \u041b\u0415\u0421\u041e\u041f\u041e\u041b\u041e\u0421\u042b"", ""\u041c\u0430\u043330""]",Маг30,10016600006099000000
"123,104,238,1",POINT (37.5809823 48.3184558),"[""purple"", ""#ff7b68ee""]","[""AlpineQuest 2.3.9.r9012"", ""AlpineQuest 2.3.8b.r8787""]","[""AlpineQuest 2.3.8b.r8787""]","[""https://www.alpinequest.net"", ""https://www.alpinequest.net""]",[],"[""2.2. \u0426\u0435\u043b\u0438 \u0440\u0430\u0431\u043e\u0447\u0438\u0435 \u041b\u0415\u0421\u041e\u041f\u041e\u041b\u041e\u0421\u042b"", ""\u041c\u0430\u043331""]",Маг31,10016600006099000000
"123,104,238,1",POINT (37.580367 48.3192486),"[""purple"", ""#ff7b68ee""]","[""AlpineQuest 2.3.9.r9012"", ""AlpineQuest 2.3.8b.r8787""]","[""AlpineQuest 2.3.8b.r8787""]","[""https://www.alpinequest.net"", ""https://www.alpinequest.net""]",[],"[""2.2. \u0426\u0435\u043b\u0438 \u0440\u0430\u0431\u043e\u0447\u0438\u0435 \u041b\u0415\u0421\u041e\u041f\u041e\u041b\u041e\u0421\u042b"", ""\u041c\u0430\u043332""]",Маг32,10016600006099000000
"123,104,238,1",POINT (37.579738 48.3200503),"[""purple"", ""#ff7b68ee""]","[""AlpineQuest 2.3.9.r9012"", ""AlpineQuest 2.3.8b.r8787""]","[""AlpineQuest 2.3.8b.r8787""]","[""https://www.alpinequest.net"", ""https://www.alpinequest.net""]",[],"[""2.2. \u0426\u0435\u043b\u0438 \u0440\u0430\u0431\u043e\u0447\u0438\u0435 \u041b\u0415\u0421\u041e\u041f\u041e\u041b\u041e\u0421\u042b"", ""\u041c\u0430\u043333""]",Маг33,10016600006099000000
"123,104,238,1",POINT (37.5794571 48.3209371),"[""purple"", ""#ff7b68ee""]","[""AlpineQuest 2.3.9.r9012"", ""AlpineQuest 2.3.8b.r8787""]","[""AlpineQuest 2.3.8b.r8787""]","[""https://www.alpinequest.net"", ""https://www.alpinequest.net""]",[],"[""2.2. \u0426\u0435\u043b\u0438 \u0440\u0430\u0431\u043e\u0447\u0438\u0435 \u041b\u0415\u0421\u041e\u041f\u041e\u041b\u041e\u0421\u042b"", ""\u041c\u0430\u043334""]",Маг34,10016600006099000000
"123,104,238,1",POINT (37.5786683 48.3216648),"[""purple"", ""#ff7b68ee""]","[""AlpineQuest 2.3.9.r9012"", ""AlpineQuest 2.3.8b.r8787""]","[""AlpineQuest 2.3.8b.r8787""]","[""https://www.alpinequest.net"", ""https://www.alpinequest.net""]",[],"[""2.2. \u0426\u0435\u043b\u0438 \u0440\u0430\u0431\u043e\u0447\u0438\u0435 \u041b\u0415\u0421\u041e\u041f\u041e\u041b\u041e\u0421\u042b"", ""\u041c\u0430\u043335""]",Маг35,10016600006099000000
"123,104,238,1",POINT (37.5778262 48.3223649),"[""purple"", ""#ff7b68ee""]","[""AlpineQuest 2.3.9.r9012"", ""AlpineQuest 2.3.8b.r8787""]","[""AlpineQuest 2.3.8b.r8787""]","[""https://www.alpinequest.net"", ""https://www.alpinequest.net""]",[],"[""2.2. \u0426\u0435\u043b\u0438 \u0440\u0430\u0431\u043e\u0447\u0438\u0435 \u041b\u0415\u0421\u041e\u041f\u041e\u041b\u041e\u0421\u042b"", ""\u041c\u0430\u043336""]",Маг36,10016600006099000000
"123,104,238,1",POINT (37.5769707 48.3230648),"[""purple"", ""#ff7b68ee""]","[""AlpineQuest 2.3.9.r9012"", ""AlpineQuest 2.3.8b.r8787""]","[""AlpineQuest 2.3.8b.r8787""]","[""https://www.alpinequest.net"", ""https://www.alpinequest.net""]",[],"[""2.2. \u0426\u0435\u043b\u0438 \u0440\u0430\u0431\u043e\u0447\u0438\u0435 \u041b\u0415\u0421\u041e\u041f\u041e\u041b\u041e\u0421\u042b"", ""\u041c\u0430\u043337""]",Маг37,10016600006099000000
"123,104,238,1",POINT (37.5779241 48.3236971),"[""purple"", ""#ff7b68ee""]","[""AlpineQuest 2.3.9.r9012"", ""AlpineQuest 2.3.8b.r8787""]","[""AlpineQuest 2.3.8b.r8787""]","[""https://www.alpinequest.net"", ""https://www.alpinequest.net""]",[],"[""2.2. \u0426\u0435\u043b\u0438 \u0440\u0430\u0431\u043e\u0447\u0438\u0435 \u041b\u0415\u0421\u041e\u041f\u041e\u041b\u041e\u0421\u042b"", ""\u041c\u0430\u043338""]",Маг38,10016600006099000000
"123,104,238,1",POINT (37.5792726 48.3236958),"[""purple"", ""#ff7b68ee""]","[""AlpineQuest 2.3.9.r9012"", ""AlpineQuest 2.3.8b.r8787""]","[""AlpineQuest 2.3.8b.r8787""]","[""https://www.alpinequest.net"", ""https://www.alpinequest.net""]",[],"[""2.2. \u0426\u0435\u043b\u0438 \u0440\u0430\u0431\u043e\u0447\u0438\u0435 \u041b\u0415\u0421\u041e\u041f\u041e\u041b\u041e\u0421\u042b"", ""\u041c\u0430\u043339""]",Маг39,10016600006099000000
"123,104,238,1",POINT (37.5806214 48.3236855),"[""purple"", ""#ff7b68ee""]","[""AlpineQuest 2.3.9.r9012"", ""AlpineQuest 2.3.8b.r8787""]","[""AlpineQuest 2.3.8b.r8787""]","[""https://www.alpinequest.net"", ""https://www.alpinequest.net""]",[],"[""2.2. \u0426\u0435\u043b\u0438 \u0440\u0430\u0431\u043e\u0447\u0438\u0435 \u041b\u0415\u0421\u041e\u041f\u041e\u041b\u041e\u0421\u042b"", ""\u041c\u0430\u043340""]",Маг40,10016600006099000000
"123,104,238,1",POINT (37.5992076 48.3343907),"[""purple"", ""#ff7b68ee""]","[""AlpineQuest 2.3.9.r9012"", ""AlpineQuest 2.3.8b.r8787""]","[""AlpineQuest 2.3.8b.r8787""]","[""https://www.alpinequest.net"", ""https://www.alpinequest.net""]",[],"[""2.2. \u0426\u0435\u043b\u0438 \u0440\u0430\u0431\u043e\u0447\u0438\u0435 \u041b\u0415\u0421\u041e\u041f\u041e\u041b\u041e\u0421\u042b"", ""\u041a\u043e\u043d\u0442\u043e\u0440\u04301""]",Контора1,10016600006099000000
"123,104,238,1",POINT (37.5996564 48.3352416),"[""purple"", ""#ff7b68ee""]","[""AlpineQuest 2.3.9.r9012"", ""AlpineQuest 2.3.8b.r8787""]","[""AlpineQuest 2.3.8b.r8787""]","[""https://www.alpinequest.net"", ""https://www.alpinequest.net""]",[],"[""2.2. \u0426\u0435\u043b\u0438 \u0440\u0430\u0431\u043e\u0447\u0438\u0435 \u041b\u0415\u0421\u041e\u041f\u041e\u041b\u041e\u0421\u042b"", ""\u041a\u043e\u043d\u0442\u043e\u0440\u04302""]",Контора2,10016600006099000000
"123,104,238,1",POINT (37.6001054 48.3360834),"[""purple"", ""#ff7b68ee""]","[""AlpineQuest 2.3.9.r9012"", ""AlpineQuest 2.3.8b.r8787""]","[""AlpineQuest 2.3.8b.r8787""]","[""https://www.alpinequest.net"", ""https://www.alpinequest.net""]",[],"[""2.2. \u0426\u0435\u043b\u0438 \u0440\u0430\u0431\u043e\u0447\u0438\u0435 \u041b\u0415\u0421\u041e\u041f\u041e\u041b\u041e\u0421\u042b"", ""\u041a\u043e\u043d\u0442\u043e\u0440\u04303""]",Контора3,10016600006099000000
"123,104,238,1",POINT (37.6005677 48.3369344),"[""purple"", ""#ff7b68ee""]","[""AlpineQuest 2.3.9.r9012"", ""AlpineQuest 2.3.8b.r8787""]","[""AlpineQuest 2.3.8b.r8787""]","[""https://www.alpinequest.net"", ""https://www.alpinequest.net""]",[],"[""2.2. \u0426\u0435\u043b\u0438 \u0440\u0430\u0431\u043e\u0447\u0438\u0435 \u041b\u0415\u0421\u041e\u041f\u041e\u041b\u041e\u0421\u042b"", ""\u041a\u043e\u043d\u0442\u043e\u0440\u04304""]",Контора4,10016600006099000000
"123,104,238,1",POINT (37.6010168 48.3377763),"[""purple"", ""#ff7b68ee""]","[""AlpineQuest 2.3.9.r9012"", ""AlpineQuest 2.3.8b.r8787""]","[""AlpineQuest 2.3.8b.r8787""]","[""https://www.alpinequest.net"", ""https://www.alpinequest.net""]",[],"[""2.2. \u0426\u0435\u043b\u0438 \u0440\u0430\u0431\u043e\u0447\u0438\u0435 \u041b\u0415\u0421\u041e\u041f\u041e\u041b\u041e\u0421\u042b"", ""\u041a\u043e\u043d\u0442\u043e\u0440\u04305""]",Контора5,10016600006099000000
"123,104,238,1",POINT (37.6014656 48.3386271),"[""purple"", ""#ff7b68ee""]","[""AlpineQuest 2.3.9.r9012"", ""AlpineQuest 2.3.8b.r8787""]","[""AlpineQuest 2.3.8b.r8787""]","[""https://www.alpinequest.net"", ""https://www.alpinequest.net""]",[],"[""2.2. \u0426\u0435\u043b\u0438 \u0440\u0430\u0431\u043e\u0447\u0438\u0435 \u041b\u0415\u0421\u041e\u041f\u041e\u041b\u041e\u0421\u042b"", ""\u041a\u043e\u043d\u0442\u043e\u0440\u04306""]",Контора6,10016600006099000000
"123,104,238,1",POINT (37.6019144 48.3394779),"[""purple"", ""#ff7b68ee""]","[""AlpineQuest 2.3.9.r9012"", ""AlpineQuest 2.3.8b.r8787""]","[""AlpineQuest 2.3.8b.r8787""]","[""https://www.alpinequest.net"", ""https://www.alpinequest.net""]",[],"[""2.2. \u0426\u0435\u043b\u0438 \u0440\u0430\u0431\u043e\u0447\u0438\u0435 \u041b\u0415\u0421\u041e\u041f\u041e\u041b\u041e\u0421\u042b"", ""\u041a\u043e\u043d\u0442\u043e\u0440\u04307""]",Контора7,10016600006099000000
"123,104,238,1",POINT (37.602377 48.3403199),"[""purple"", ""#ff7b68ee""]","[""AlpineQuest 2.3.9.r9012"", ""AlpineQuest 2.3.8b.r8787""]","[""AlpineQuest 2.3.8b.r8787""]","[""https://www.alpinequest.net"", ""https://www.alpinequest.net""]",[],"[""2.2. \u0426\u0435\u043b\u0438 \u0440\u0430\u0431\u043e\u0447\u0438\u0435 \u041b\u0415\u0421\u041e\u041f\u041e\u041b\u041e\u0421\u042b"", ""\u041a\u043e\u043d\u0442\u043e\u0440\u04308""]",Контора8,10016600006099000000
"123,104,238,1",POINT (37.6028259 48.3411708),"[""purple"", ""#ff7b68ee""]","[""AlpineQuest 2.3.9.r9012"", ""AlpineQuest 2.3.8b.r8787""]","[""AlpineQuest 2.3.8b.r8787""]","[""https://www.alpinequest.net"", ""https://www.alpinequest.net""]",[],"[""2.2. \u0426\u0435\u043b\u0438 \u0440\u0430\u0431\u043e\u0447\u0438\u0435 \u041b\u0415\u0421\u041e\u041f\u041e\u041b\u041e\u0421\u042b"", ""\u041a\u043e\u043d\u0442\u043e\u0440\u04309""]",Контора9,10016600006099000000
"123,104,238,1",POINT (37.6032751 48.3420126),"[""purple"", ""#ff7b68ee""]","[""AlpineQuest 2.3.9.r9012"", ""AlpineQuest 2.3.8b.r8787""]","[""AlpineQuest 2.3.8b.r8787""]","[""https://www.alpinequest.net"", ""https://www.alpinequest.net""]",[],"[""2.2. \u0426\u0435\u043b\u0438 \u0440\u0430\u0431\u043e\u0447\u0438\u0435 \u041b\u0415\u0421\u041e\u041f\u041e\u041b\u041e\u0421\u042b"", ""\u041a\u043e\u043d\u0442\u043e\u0440\u043010""]",Контора10,10016600006099000000
"123,104,238,1",POINT (37.603724 48.3428634),"[""purple"", ""#ff7b68ee""]","[""AlpineQuest 2.3.9.r9012"", ""AlpineQuest 2.3.8b.r8787""]","[""AlpineQuest 2.3.8b.r8787""]","[""https://www.alpinequest.net"", ""https://www.alpinequest.net""]",[],"[""2.2. \u0426\u0435\u043b\u0438 \u0440\u0430\u0431\u043e\u0447\u0438\u0435 \u041b\u0415\u0421\u041e\u041f\u041e\u041b\u041e\u0421\u042b"", ""\u041a\u043e\u043d\u0442\u043e\u0440\u043011""]",Контора11,10016600006099000000
"123,104,238,1",POINT (37.6041729 48.3437143),"[""purple"", ""#ff7b68ee""]","[""AlpineQuest 2.3.9.r9012"", ""AlpineQuest 2.3.8b.r8787""]","[""AlpineQuest 2.3.8b.r8787""]","[""https://www.alpinequest.net"", ""https://www.alpinequest.net""]",[],"[""2.2. \u0426\u0435\u043b\u0438 \u0440\u0430\u0431\u043e\u0447\u0438\u0435 \u041b\u0415\u0421\u041e\u041f\u041e\u041b\u041e\u0421\u042b"", ""\u041a\u043e\u043d\u0442\u043e\u0440\u043012""]",Контора12,10016600006099000000
"123,104,238,1",POINT (37.6046356 48.3445563),"[""purple"", ""#ff7b68ee""]","[""AlpineQuest 2.3.9.r9012"", ""AlpineQuest 2.3.8b.r8787""]","[""AlpineQuest 2.3.8b.r8787""]","[""https://www.alpinequest.net"", ""https://www.alpinequest.net""]",[],"[""2.2. \u0426\u0435\u043b\u0438 \u0440\u0430\u0431\u043e\u0447\u0438\u0435 \u041b\u0415\u0421\u041e\u041f\u041e\u041b\u041e\u0421\u042b"", ""\u041a\u043e\u043d\u0442\u043e\u0440\u043013""]",Контора13,10016600006099000000
"123,104,238,1",POINT (37.6050845 48.3454071),"[""purple"", ""#ff7b68ee""]","[""AlpineQuest 2.3.9.r9012"", ""AlpineQuest 2.3.8b.r8787""]","[""AlpineQuest 2.3.8b.r8787""]","[""https://www.alpinequest.net"", ""https://www.alpinequest.net""]",[],"[""2.2. \u0426\u0435\u043b\u0438 \u0440\u0430\u0431\u043e\u0447\u0438\u0435 \u041b\u0415\u0421\u041e\u041f\u041e\u041b\u041e\u0421\u042b"", ""\u041a\u043e\u043d\u0442\u043e\u0440\u043014""]",Контора14,10016600006099000000
"123,104,238,1",POINT (37.6055337 48.3462489),"[""purple"", ""#ff7b68ee""]","[""AlpineQuest 2.3.9.r9012"", ""AlpineQuest 2.3.8b.r8787""]","[""AlpineQuest 2.3.8b.r8787""]","[""https://www.alpinequest.net"", ""https://www.alpinequest.net""]",[],"[""2.2. \u0426\u0435\u043b\u0438 \u0440\u0430\u0431\u043e\u0447\u0438\u0435 \u041b\u0415\u0421\u041e\u041f\u041e\u041b\u041e\u0421\u042b"", ""\u041a\u043e\u043d\u0442\u043e\u0440\u043015""]",Контора15,10016600006099000000
"123,104,238,1",POINT (37.6059827 48.3470997),"[""purple"", ""#ff7b68ee""]","[""AlpineQuest 2.3.9.r9012"", ""AlpineQuest 2.3.8b.r8787""]","[""AlpineQuest 2.3.8b.r8787""]","[""https://www.alpinequest.net"", ""https://www.alpinequest.net""]",[],"[""2.2. \u0426\u0435\u043b\u0438 \u0440\u0430\u0431\u043e\u0447\u0438\u0435 \u041b\u0415\u0421\u041e\u041f\u041e\u041b\u041e\u0421\u042b"", ""\u041a\u043e\u043d\u0442\u043e\u0440\u043016""]",Контора16,10016600006099000000
"123,104,238,1",POINT (37.606432 48.3479416),"[""purple"", ""#ff7b68ee""]","[""AlpineQuest 2.3.9.r9012"", ""AlpineQuest 2.3.8b.r8787""]","[""AlpineQuest 2.3.8b.r8787""]","[""https://www.alpinequest.net"", ""https://www.alpinequest.net""]",[],"[""2.2. \u0426\u0435\u043b\u0438 \u0440\u0430\u0431\u043e\u0447\u0438\u0435 \u041b\u0415\u0421\u041e\u041f\u041e\u041b\u041e\u0421\u042b"", ""\u041a\u043e\u043d\u0442\u043e\u0440\u043017""]",Контора17,10016600006099000000
"123,104,238,1",POINT (37.6068944 48.3487925),"[""purple"", ""#ff7b68ee""]","[""AlpineQuest 2.3.9.r9012"", ""AlpineQuest 2.3.8b.r8787""]","[""AlpineQuest 2.3.8b.r8787""]","[""https://www.alpinequest.net"", ""https://www.alpinequest.net""]",[],"[""2.2. \u0426\u0435\u043b\u0438 \u0440\u0430\u0431\u043e\u0447\u0438\u0435 \u041b\u0415\u0421\u041e\u041f\u041e\u041b\u041e\u0421\u042b"", ""\u041a\u043e\u043d\u0442\u043e\u0440\u043018""]",Контора18,10016600006099000000
"123,104,238,1",POINT (37.6073435 48.3496433),"[""purple"", ""#ff7b68ee""]","[""AlpineQuest 2.3.9.r9012"", ""AlpineQuest 2.3.8b.r8787""]","[""AlpineQuest 2.3.8b.r8787""]","[""https://www.alpinequest.net"", ""https://www.alpinequest.net""]",[],"[""2.2. \u0426\u0435\u043b\u0438 \u0440\u0430\u0431\u043e\u0447\u0438\u0435 \u041b\u0415\u0421\u041e\u041f\u041e\u041b\u041e\u0421\u042b"", ""\u041a\u043e\u043d\u0442\u043e\u0440\u043019""]",Контора19,10016600006099000000
"123,104,238,1",POINT (37.6077928 48.3504852),"[""purple"", ""#ff7b68ee""]","[""AlpineQuest 2.3.9.r9012"", ""AlpineQuest 2.3.8b.r8787""]","[""AlpineQuest 2.3.8b.r8787""]","[""https://www.alpinequest.net"", ""https://www.alpinequest.net""]",[],"[""2.2. \u0426\u0435\u043b\u0438 \u0440\u0430\u0431\u043e\u0447\u0438\u0435 \u041b\u0415\u0421\u041e\u041f\u041e\u041b\u041e\u0421\u042b"", ""\u041a\u043e\u043d\u0442\u043e\u0440\u043020""]",Контора20,10016600006099000000
"123,104,238,1",POINT (37.6082418 48.351336),"[""purple"", ""#ff7b68ee""]","[""AlpineQuest 2.3.9.r9012"", ""AlpineQuest 2.3.8b.r8787""]","[""AlpineQuest 2.3.8b.r8787""]","[""https://www.alpinequest.net"", ""https://www.alpinequest.net""]",[],"[""2.2. \u0426\u0435\u043b\u0438 \u0440\u0430\u0431\u043e\u0447\u0438\u0435 \u041b\u0415\u0421\u041e\u041f\u041e\u041b\u041e\u0421\u042b"", ""\u041a\u043e\u043d\u0442\u043e\u0440\u043021""]",Контора21,10016600006099000000
"123,104,238,1",POINT (37.6087046 48.352178),"[""purple"", ""#ff7b68ee""]","[""AlpineQuest 2.3.9.r9012"", ""AlpineQuest 2.3.8b.r8787""]","[""AlpineQuest 2.3.8b.r8787""]","[""https://www.alpinequest.net"", ""https://www.alpinequest.net""]",[],"[""2.2. \u0426\u0435\u043b\u0438 \u0440\u0430\u0431\u043e\u0447\u0438\u0435 \u041b\u0415\u0421\u041e\u041f\u041e\u041b\u041e\u0421\u042b"", ""\u041a\u043e\u043d\u0442\u043e\u0440\u043022""]",Контора22,10016600006099000000
"123,104,238,1",POINT (37.6091537 48.3530288),"[""purple"", ""#ff7b68ee""]","[""AlpineQuest 2.3.9.r9012"", ""AlpineQuest 2.3.8b.r8787""]","[""AlpineQuest 2.3.8b.r8787""]","[""https://www.alpinequest.net"", ""https://www.alpinequest.net""]",[],"[""2.2. \u0426\u0435\u043b\u0438 \u0440\u0430\u0431\u043e\u0447\u0438\u0435 \u041b\u0415\u0421\u041e\u041f\u041e\u041b\u041e\u0421\u042b"", ""\u041a\u043e\u043d\u0442\u043e\u0440\u043023""]",Контора23,10016600006099000000
"123,104,238,1",POINT (37.6096028 48.3538796),"[""purple"", ""#ff7b68ee""]","[""AlpineQuest 2.3.9.r9012"", ""AlpineQuest 2.3.8b.r8787""]","[""AlpineQuest 2.3.8b.r8787""]","[""https://www.alpinequest.net"", ""https://www.alpinequest.net""]",[],"[""2.2. \u0426\u0435\u043b\u0438 \u0440\u0430\u0431\u043e\u0447\u0438\u0435 \u041b\u0415\u0421\u041e\u041f\u041e\u041b\u041e\u0421\u042b"", ""\u041a\u043e\u043d\u0442\u043e\u0440\u043024""]",Контора24,10016600006099000000
"123,104,238,1",POINT (37.6100522 48.3547214),"[""purple"", ""#ff7b68ee""]","[""AlpineQuest 2.3.9.r9012"", ""AlpineQuest 2.3.8b.r8787""]","[""AlpineQuest 2.3.8b.r8787""]","[""https://www.alpinequest.net"", ""https://www.alpinequest.net""]",[],"[""2.2. \u0426\u0435\u043b\u0438 \u0440\u0430\u0431\u043e\u0447\u0438\u0435 \u041b\u0415\u0421\u041e\u041f\u041e\u041b\u041e\u0421\u042b"", ""\u041a\u043e\u043d\u0442\u043e\u0440\u043025""]",Контора25,10016600006099000000
"123,104,238,1",POINT (37.6105013 48.3555722),"[""purple"", ""#ff7b68ee""]","[""AlpineQuest 2.3.9.r9012"", ""AlpineQuest 2.3.8b.r8787""]","[""AlpineQuest 2.3.8b.r8787""]","[""https://www.alpinequest.net"", ""https://www.alpinequest.net""]",[],"[""2.2. \u0426\u0435\u043b\u0438 \u0440\u0430\u0431\u043e\u0447\u0438\u0435 \u041b\u0415\u0421\u041e\u041f\u041e\u041b\u041e\u0421\u042b"", ""\u041a\u043e\u043d\u0442\u043e\u0440\u043026""]",Контора26,10016600006099000000
"123,104,238,1",POINT (37.6551415 48.3349506),"[""purple"", ""#ff7b68ee""]","[""AlpineQuest 2.3.9.r9012"", ""AlpineQuest 2.3.8b.r8787""]","[""AlpineQuest 2.3.8b.r8787""]","[""https://www.alpinequest.net"", ""https://www.alpinequest.net""]",[],"[""2.2. \u0426\u0435\u043b\u0438 \u0440\u0430\u0431\u043e\u0447\u0438\u0435 \u041b\u0415\u0421\u041e\u041f\u041e\u041b\u041e\u0421\u042b"", ""\u041f\u0430\u0440\u043a\u043e\u0432\u043a\u04301""]",Парковка1,10016600006099000000
"123,104,238,1",POINT (37.6538787 48.3352686),"[""purple"", ""#ff7b68ee""]","[""AlpineQuest 2.3.9.r9012"", ""AlpineQuest 2.3.8b.r8787""]","[""AlpineQuest 2.3.8b.r8787""]","[""https://www.alpinequest.net"", ""https://www.alpinequest.net""]",[],"[""2.2. \u0426\u0435\u043b\u0438 \u0440\u0430\u0431\u043e\u0447\u0438\u0435 \u041b\u0415\u0421\u041e\u041f\u041e\u041b\u041e\u0421\u042b"", ""\u041f\u0430\u0440\u043a\u043e\u0432\u043a\u04302""]",Парковка2,10016600006099000000
"123,104,238,1",POINT (37.6526162 48.3355776),"[""purple"", ""#ff7b68ee""]","[""AlpineQuest 2.3.9.r9012"", ""AlpineQuest 2.3.8b.r8787""]","[""AlpineQuest 2.3.8b.r8787""]","[""https://www.alpinequest.net"", ""https://www.alpinequest.net""]",[],"[""2.2. \u0426\u0435\u043b\u0438 \u0440\u0430\u0431\u043e\u0447\u0438\u0435 \u041b\u0415\u0421\u041e\u041f\u041e\u041b\u041e\u0421\u042b"", ""\u041f\u0430\u0440\u043a\u043e\u0432\u043a\u04303""]",Парковка3,10016600006099000000
"123,104,238,1",POINT (37.6513534 48.3358955),"[""purple"", ""#ff7b68ee""]","[""AlpineQuest 2.3.9.r9012"", ""AlpineQuest 2.3.8b.r8787""]","[""AlpineQuest 2.3.8b.r8787""]","[""https://www.alpinequest.net"", ""https://www.alpinequest.net""]",[],"[""2.2. \u0426\u0435\u043b\u0438 \u0440\u0430\u0431\u043e\u0447\u0438\u0435 \u041b\u0415\u0421\u041e\u041f\u041e\u041b\u041e\u0421\u042b"", ""\u041f\u0430\u0440\u043a\u043e\u0432\u043a\u04304""]",Парковка4,10016600006099000000
"123,104,238,1",POINT (37.6500908 48.3362045),"[""purple"", ""#ff7b68ee""]","[""AlpineQuest 2.3.9.r9012"", ""AlpineQuest 2.3.8b.r8787""]","[""AlpineQuest 2.3.8b.r8787""]","[""https://www.alpinequest.net"", ""https://www.alpinequest.net""]",[],"[""2.2. \u0426\u0435\u043b\u0438 \u0440\u0430\u0431\u043e\u0447\u0438\u0435 \u041b\u0415\u0421\u041e\u041f\u041e\u041b\u041e\u0421\u042b"", ""\u041f\u0430\u0440\u043a\u043e\u0432\u043a\u04305""]",Парковка5,10016600006099000000
"123,104,238,1",POINT (37.6488279 48.3365224),"[""purple"", ""#ff7b68ee""]","[""AlpineQuest 2.3.9.r9012"", ""AlpineQuest 2.3.8b.r8787""]","[""AlpineQuest 2.3.8b.r8787""]","[""https://www.alpinequest.net"", ""https://www.alpinequest.net""]",[],"[""2.2. \u0426\u0435\u043b\u0438 \u0440\u0430\u0431\u043e\u0447\u0438\u0435 \u041b\u0415\u0421\u041e\u041f\u041e\u041b\u041e\u0421\u042b"", ""\u041f\u0430\u0440\u043a\u043e\u0432\u043a\u04306""]",Парковка6,10016600006099000000
"123,104,238,1",POINT (37.6475516 48.3368401),"[""purple"", ""#ff7b68ee""]","[""AlpineQuest 2.3.9.r9012"", ""AlpineQuest 2.3.8b.r8787""]","[""AlpineQuest 2.3.8b.r8787""]","[""https://www.alpinequest.net"", ""https://www.alpinequest.net""]",[],"[""2.2. \u0426\u0435\u043b\u0438 \u0440\u0430\u0431\u043e\u0447\u0438\u0435 \u041b\u0415\u0421\u041e\u041f\u041e\u041b\u041e\u0421\u042b"", ""\u041f\u0430\u0440\u043a\u043e\u0432\u043a\u04307""]",Парковка7,10016600006099000000
"123,104,238,1",POINT (37.6470438 48.3376795),"[""purple"", ""#ff7b68ee""]","[""AlpineQuest 2.3.9.r9012"", ""AlpineQuest 2.3.8b.r8787""]","[""AlpineQuest 2.3.8b.r8787""]","[""https://www.alpinequest.net"", ""https://www.alpinequest.net""]",[],"[""2.2. \u0426\u0435\u043b\u0438 \u0440\u0430\u0431\u043e\u0447\u0438\u0435 \u041b\u0415\u0421\u041e\u041f\u041e\u041b\u041e\u0421\u042b"", ""\u041f\u0430\u0440\u043a\u043e\u0432\u043a\u04308""]",Парковка8,10016600006099000000
"123,104,238,1",POINT (37.6474799 48.33853),"[""purple"", ""#ff7b68ee""]","[""AlpineQuest 2.3.9.r9012"", ""AlpineQuest 2.3.8b.r8787""]","[""AlpineQuest 2.3.8b.r8787""]","[""https://www.alpinequest.net"", ""https://www.alpinequest.net""]",[],"[""2.2. \u0426\u0435\u043b\u0438 \u0440\u0430\u0431\u043e\u0447\u0438\u0435 \u041b\u0415\u0421\u041e\u041f\u041e\u041b\u041e\u0421\u042b"", ""\u041f\u0430\u0440\u043a\u043e\u0432\u043a\u04309""]",Парковка9,10016600006099000000
"123,104,238,1",POINT (37.6461657 48.3387484),"[""purple"", ""#ff7b68ee""]","[""AlpineQuest 2.3.9.r9012"", ""AlpineQuest 2.3.8b.r8787""]","[""AlpineQuest 2.3.8b.r8787""]","[""https://www.alpinequest.net"", ""https://www.alpinequest.net""]",[],"[""2.2. \u0426\u0435\u043b\u0438 \u0440\u0430\u0431\u043e\u0447\u0438\u0435 \u041b\u0415\u0421\u041e\u041f\u041e\u041b\u041e\u0421\u042b"", ""\u041f\u0430\u0440\u043a\u043e\u0432\u043a\u043010""]",Парковка10,10016600006099000000
"123,104,238,1",POINT (37.6448651 48.3389579),"[""purple"", ""#ff7b68ee""]","[""AlpineQuest 2.3.9.r9012"", ""AlpineQuest 2.3.8b.r8787""]","[""AlpineQuest 2.3.8b.r8787""]","[""https://www.alpinequest.net"", ""https://www.alpinequest.net""]",[],"[""2.2. \u0426\u0435\u043b\u0438 \u0440\u0430\u0431\u043e\u0447\u0438\u0435 \u041b\u0415\u0421\u041e\u041f\u041e\u041b\u041e\u0421\u042b"", ""\u041f\u0430\u0440\u043a\u043e\u0432\u043a\u043011""]",Парковка11,10016600006099000000
"123,104,238,1",POINT (37.6435386 48.3391311),"[""purple"", ""#ff7b68ee""]","[""AlpineQuest 2.3.9.r9012"", ""AlpineQuest 2.3.8b.r8787""]","[""AlpineQuest 2.3.8b.r8787""]","[""https://www.alpinequest.net"", ""https://www.alpinequest.net""]",[],"[""2.2. \u0426\u0435\u043b\u0438 \u0440\u0430\u0431\u043e\u0447\u0438\u0435 \u041b\u0415\u0421\u041e\u041f\u041e\u041b\u041e\u0421\u042b"", ""\u041f\u0430\u0440\u043a\u043e\u0432\u043a\u043012""]",Парковка12,10016600006099000000
"123,104,238,1",POINT (37.6422255 48.3393045),"[""purple"", ""#ff7b68ee""]","[""AlpineQuest 2.3.9.r9012"", ""AlpineQuest 2.3.8b.r8787""]","[""AlpineQuest 2.3.8b.r8787""]","[""https://www.alpinequest.net"", ""https://www.alpinequest.net""]",[],"[""2.2. \u0426\u0435\u043b\u0438 \u0440\u0430\u0431\u043e\u0447\u0438\u0435 \u041b\u0415\u0421\u041e\u041f\u041e\u041b\u041e\u0421\u042b"", ""\u041f\u0430\u0440\u043a\u043e\u0432\u043a\u043013""]",Парковка13,10016600006099000000
"123,104,238,1",POINT (37.640899 48.3394777),"[""purple"", ""#ff7b68ee""]","[""AlpineQuest 2.3.9.r9012"", ""AlpineQuest 2.3.8b.r8787""]","[""AlpineQuest 2.3.8b.r8787""]","[""https://www.alpinequest.net"", ""https://www.alpinequest.net""]",[],"[""2.2. \u0426\u0435\u043b\u0438 \u0440\u0430\u0431\u043e\u0447\u0438\u0435 \u041b\u0415\u0421\u041e\u041f\u041e\u041b\u041e\u0421\u042b"", ""\u041f\u0430\u0440\u043a\u043e\u0432\u043a\u043014""]",Парковка14,10016600006099000000
"123,104,238,1",POINT (37.6395724 48.3396508),"[""purple"", ""#ff7b68ee""]","[""AlpineQuest 2.3.9.r9012"", ""AlpineQuest 2.3.8b.r8787""]","[""AlpineQuest 2.3.8b.r8787""]","[""https://www.alpinequest.net"", ""https://www.alpinequest.net""]",[],"[""2.2. \u0426\u0435\u043b\u0438 \u0440\u0430\u0431\u043e\u0447\u0438\u0435 \u041b\u0415\u0421\u041e\u041f\u041e\u041b\u041e\u0421\u042b"", ""\u041f\u0430\u0440\u043a\u043e\u0432\u043a\u043015""]",Парковка15,10016600006099000000
"123,104,238,1",POINT (37.6382456 48.339833),"[""purple"", ""#ff7b68ee""]","[""AlpineQuest 2.3.9.r9012"", ""AlpineQuest 2.3.8b.r8787""]","[""AlpineQuest 2.3.8b.r8787""]","[""https://www.alpinequest.net"", ""https://www.alpinequest.net""]",[],"[""2.2. \u0426\u0435\u043b\u0438 \u0440\u0430\u0431\u043e\u0447\u0438\u0435 \u041b\u0415\u0421\u041e\u041f\u041e\u041b\u041e\u0421\u042b"", ""\u041f\u0430\u0440\u043a\u043e\u0432\u043a\u043016""]",Парковка16,10016600006099000000
"123,104,238,1",POINT (37.6369325 48.3400063),"[""purple"", ""#ff7b68ee""]","[""AlpineQuest 2.3.9.r9012"", ""AlpineQuest 2.3.8b.r8787""]","[""AlpineQuest 2.3.8b.r8787""]","[""https://www.alpinequest.net"", ""https://www.alpinequest.net""]",[],"[""2.2. \u0426\u0435\u043b\u0438 \u0440\u0430\u0431\u043e\u0447\u0438\u0435 \u041b\u0415\u0421\u041e\u041f\u041e\u041b\u041e\u0421\u042b"", ""\u041f\u0430\u0440\u043a\u043e\u0432\u043a\u043017""]",Парковка17,10016600006099000000
"123,104,238,1",POINT (37.6356059 48.3401794),"[""purple"", ""#ff7b68ee""]","[""AlpineQuest 2.3.9.r9012"", ""AlpineQuest 2.3.8b.r8787""]","[""AlpineQuest 2.3.8b.r8787""]","[""https://www.alpinequest.net"", ""https://www.alpinequest.net""]",[],"[""2.2. \u0426\u0435\u043b\u0438 \u0440\u0430\u0431\u043e\u0447\u0438\u0435 \u041b\u0415\u0421\u041e\u041f\u041e\u041b\u041e\u0421\u042b"", ""\u041f\u0430\u0440\u043a\u043e\u0432\u043a\u043018""]",Парковка18,10016600006099000000
"123,104,238,1",POINT (37.6564995 48.3304968),"[""purple"", ""#ff7b68ee""]","[""AlpineQuest 2.3.9.r9012"", ""AlpineQuest 2.3.8b.r8787""]","[""AlpineQuest 2.3.8b.r8787""]","[""https://www.alpinequest.net"", ""https://www.alpinequest.net""]",[],"[""2.2. \u0426\u0435\u043b\u0438 \u0440\u0430\u0431\u043e\u0447\u0438\u0435 \u041b\u0415\u0421\u041e\u041f\u041e\u041b\u041e\u0421\u042b"", ""\u041b\u0435\u043f\u0435\u0441\u0442\u043e\u043a 1""]",Лепесток 1,10016600006099000000
"123,104,238,1",POINT (37.6551739 48.3306432),"[""purple"", ""#ff7b68ee""]","[""AlpineQuest 2.3.9.r9012"", ""AlpineQuest 2.3.8b.r8787""]","[""AlpineQuest 2.3.8b.r8787""]","[""https://www.alpinequest.net"", ""https://www.alpinequest.net""]",[],"[""2.2. \u0426\u0435\u043b\u0438 \u0440\u0430\u0431\u043e\u0447\u0438\u0435 \u041b\u0415\u0421\u041e\u041f\u041e\u041b\u041e\u0421\u042b"", ""\u041b\u0435\u043f\u0435\u0441\u0442\u043e\u043a 2""]",Лепесток 2,10016600006099000000
"123,104,238,1",POINT (37.6538346 48.3307984),"[""purple"", ""#ff7b68ee""]","[""AlpineQuest 2.3.9.r9012"", ""AlpineQuest 2.3.8b.r8787""]","[""AlpineQuest 2.3.8b.r8787""]","[""https://www.alpinequest.net"", ""https://www.alpinequest.net""]",[],"[""2.2. \u0426\u0435\u043b\u0438 \u0440\u0430\u0431\u043e\u0447\u0438\u0435 \u041b\u0415\u0421\u041e\u041f\u041e\u041b\u041e\u0421\u042b"", ""\u041b\u0435\u043f\u0435\u0441\u0442\u043e\u043a 3""]",Лепесток 3,10016600006099000000
"123,104,238,1",POINT (37.652509 48.3309447),"[""purple"", ""#ff7b68ee""]","[""AlpineQuest 2.3.9.r9012"", ""AlpineQuest 2.3.8b.r8787""]","[""AlpineQuest 2.3.8b.r8787""]","[""https://www.alpinequest.net"", ""https://www.alpinequest.net""]",[],"[""2.2. \u0426\u0435\u043b\u0438 \u0440\u0430\u0431\u043e\u0447\u0438\u0435 \u041b\u0415\u0421\u041e\u041f\u041e\u041b\u041e\u0421\u042b"", ""\u041b\u0435\u043f\u0435\u0441\u0442\u043e\u043a 4""]",Лепесток 4,10016600006099000000
"123,104,238,1",POINT (37.6511834 48.3310911),"[""purple"", ""#ff7b68ee""]","[""AlpineQuest 2.3.9.r9012"", ""AlpineQuest 2.3.8b.r8787""]","[""AlpineQuest 2.3.8b.r8787""]","[""https://www.alpinequest.net"", ""https://www.alpinequest.net""]",[],"[""2.2. \u0426\u0435\u043b\u0438 \u0440\u0430\u0431\u043e\u0447\u0438\u0435 \u041b\u0415\u0421\u041e\u041f\u041e\u041b\u041e\u0421\u042b"", ""\u041b\u0435\u043f\u0435\u0441\u0442\u043e\u043a 5""]",Лепесток 5,10016600006099000000
"123,104,238,1",POINT (37.6498441 48.3312462),"[""purple"", ""#ff7b68ee""]","[""AlpineQuest 2.3.9.r9012"", ""AlpineQuest 2.3.8b.r8787""]","[""AlpineQuest 2.3.8b.r8787""]","[""https://www.alpinequest.net"", ""https://www.alpinequest.net""]",[],"[""2.2. \u0426\u0435\u043b\u0438 \u0440\u0430\u0431\u043e\u0447\u0438\u0435 \u041b\u0415\u0421\u041e\u041f\u041e\u041b\u041e\u0421\u042b"", ""\u041b\u0435\u043f\u0435\u0441\u0442\u043e\u043a 6""]",Лепесток 6,10016600006099000000
"123,104,238,1",POINT (37.6485184 48.3313925),"[""purple"", ""#ff7b68ee""]","[""AlpineQuest 2.3.9.r9012"", ""AlpineQuest 2.3.8b.r8787""]","[""AlpineQuest 2.3.8b.r8787""]","[""https://www.alpinequest.net"", ""https://www.alpinequest.net""]",[],"[""2.2. \u0426\u0435\u043b\u0438 \u0440\u0430\u0431\u043e\u0447\u0438\u0435 \u041b\u0415\u0421\u041e\u041f\u041e\u041b\u041e\u0421\u042b"", ""\u041b\u0435\u043f\u0435\u0441\u0442\u043e\u043a 7""]",Лепесток 7,10016600006099000000
"123,104,238,1",POINT (37.6471928 48.3315388),"[""purple"", ""#ff7b68ee""]","[""AlpineQuest 2.3.9.r9012"", ""AlpineQuest 2.3.8b.r8787""]","[""AlpineQuest 2.3.8b.r8787""]","[""https://www.alpinequest.net"", ""https://www.alpinequest.net""]",[],"[""2.2. \u0426\u0435\u043b\u0438 \u0440\u0430\u0431\u043e\u0447\u0438\u0435 \u041b\u0415\u0421\u041e\u041f\u041e\u041b\u041e\u0421\u042b"", ""\u041b\u0435\u043f\u0435\u0441\u0442\u043e\u043a 8""]",Лепесток 8,10016600006099000000
"123,104,238,1",POINT (37.6458672 48.3316851),"[""purple"", ""#ff7b68ee""]","[""AlpineQuest 2.3.9.r9012"", ""AlpineQuest 2.3.8b.r8787""]","[""AlpineQuest 2.3.8b.r8787""]","[""https://www.alpinequest.net"", ""https://www.alpinequest.net""]",[],"[""2.2. \u0426\u0435\u043b\u0438 \u0440\u0430\u0431\u043e\u0447\u0438\u0435 \u041b\u0415\u0421\u041e\u041f\u041e\u041b\u041e\u0421\u042b"", ""\u041b\u0435\u043f\u0435\u0441\u0442\u043e\u043a 9""]",Лепесток 9,10016600006099000000
"123,104,238,1",POINT (37.6445278 48.3318402),"[""purple"", ""#ff7b68ee""]","[""AlpineQuest 2.3.9.r9012"", ""AlpineQuest 2.3.8b.r8787""]","[""AlpineQuest 2.3.8b.r8787""]","[""https://www.alpinequest.net"", ""https://www.alpinequest.net""]",[],"[""2.2. \u0426\u0435\u043b\u0438 \u0440\u0430\u0431\u043e\u0447\u0438\u0435 \u041b\u0415\u0421\u041e\u041f\u041e\u041b\u041e\u0421\u042b"", ""\u041b\u0435\u043f\u0435\u0441\u0442\u043e\u043a 10""]",Лепесток 10,10016600006099000000
"123,104,238,1",POINT (37.6432022 48.3319864),"[""purple"", ""#ff7b68ee""]","[""AlpineQuest 2.3.9.r9012"", ""AlpineQuest 2.3.8b.r8787""]","[""AlpineQuest 2.3.8b.r8787""]","[""https://www.alpinequest.net"", ""https://www.alpinequest.net""]",[],"[""2.2. \u0426\u0435\u043b\u0438 \u0440\u0430\u0431\u043e\u0447\u0438\u0435 \u041b\u0415\u0421\u041e\u041f\u041e\u041b\u041e\u0421\u042b"", ""\u041b\u0435\u043f\u0435\u0441\u0442\u043e\u043a 11""]",Лепесток 11,10016600006099000000
"123,104,238,1",POINT (37.6418765 48.3321327),"[""purple"", ""#ff7b68ee""]","[""AlpineQuest 2.3.9.r9012"", ""AlpineQuest 2.3.8b.r8787""]","[""AlpineQuest 2.3.8b.r8787""]","[""https://www.alpinequest.net"", ""https://www.alpinequest.net""]",[],"[""2.2. \u0426\u0435\u043b\u0438 \u0440\u0430\u0431\u043e\u0447\u0438\u0435 \u041b\u0415\u0421\u041e\u041f\u041e\u041b\u041e\u0421\u042b"", ""\u041b\u0435\u043f\u0435\u0441\u0442\u043e\u043a 12""]",Лепесток 12,10016600006099000000
"123,104,238,1",POINT (37.656412 48.3235619),"[""purple"", ""#ff7b68ee""]","[""AlpineQuest 2.3.9.r9012"", ""AlpineQuest 2.3.8b.r8787""]","[""AlpineQuest 2.3.8b.r8787""]","[""https://www.alpinequest.net"", ""https://www.alpinequest.net""]",[],"[""2.2. \u0426\u0435\u043b\u0438 \u0440\u0430\u0431\u043e\u0447\u0438\u0435 \u041b\u0415\u0421\u041e\u041f\u041e\u041b\u041e\u0421\u042b"", ""\u0413\u0440\u0443\u0437\u043e\u0432\u0438\u043a1""]",Грузовик1,10016600006099000000
"123,104,238,1",POINT (37.6564827 48.3244621),"[""purple"", ""#ff7b68ee""]","[""AlpineQuest 2.3.9.r9012"", ""AlpineQuest 2.3.8b.r8787""]","[""AlpineQuest 2.3.8b.r8787""]","[""https://www.alpinequest.net"", ""https://www.alpinequest.net""]",[],"[""2.2. \u0426\u0435\u043b\u0438 \u0440\u0430\u0431\u043e\u0447\u0438\u0435 \u041b\u0415\u0421\u041e\u041f\u041e\u041b\u041e\u0421\u042b"", ""\u0413\u0440\u0443\u0437\u043e\u0432\u0438\u043a2""]",Грузовик2,10016600006099000000
"123,104,238,1",POINT (37.6565535 48.3253622),"[""purple"", ""#ff7b68ee""]","[""AlpineQuest 2.3.9.r9012"", ""AlpineQuest 2.3.8b.r8787""]","[""AlpineQuest 2.3.8b.r8787""]","[""https://www.alpinequest.net"", ""https://www.alpinequest.net""]",[],"[""2.2. \u0426\u0435\u043b\u0438 \u0440\u0430\u0431\u043e\u0447\u0438\u0435 \u041b\u0415\u0421\u041e\u041f\u041e\u041b\u041e\u0421\u042b"", ""\u0413\u0440\u0443\u0437\u043e\u0432\u0438\u043a3""]",Грузовик3,10016600006099000000
"123,104,238,1",POINT (37.6566245 48.3262534),"[""purple"", ""#ff7b68ee""]","[""AlpineQuest 2.3.9.r9012"", ""AlpineQuest 2.3.8b.r8787""]","[""AlpineQuest 2.3.8b.r8787""]","[""https://www.alpinequest.net"", ""https://www.alpinequest.net""]",[],"[""2.2. \u0426\u0435\u043b\u0438 \u0440\u0430\u0431\u043e\u0447\u0438\u0435 \u041b\u0415\u0421\u041e\u041f\u041e\u041b\u041e\u0421\u042b"", ""\u0413\u0440\u0443\u0437\u043e\u0432\u0438\u043a4""]",Грузовик4,10016600006099000000
"123,104,238,1",POINT (37.6566817 48.3271534),"[""purple"", ""#ff7b68ee""]","[""AlpineQuest 2.3.9.r9012"", ""AlpineQuest 2.3.8b.r8787""]","[""AlpineQuest 2.3.8b.r8787""]","[""https://www.alpinequest.net"", ""https://www.alpinequest.net""]",[],"[""2.2. \u0426\u0435\u043b\u0438 \u0440\u0430\u0431\u043e\u0447\u0438\u0435 \u041b\u0415\u0421\u041e\u041f\u041e\u041b\u041e\u0421\u042b"", ""\u0413\u0440\u0443\u0437\u043e\u0432\u0438\u043a5""]",Грузовик5,10016600006099000000
"123,104,238,1",POINT (37.6567525 48.3280536),"[""purple"", ""#ff7b68ee""]","[""AlpineQuest 2.3.9.r9012"", ""AlpineQuest 2.3.8b.r8787""]","[""AlpineQuest 2.3.8b.r8787""]","[""https://www.alpinequest.net"", ""https://www.alpinequest.net""]",[],"[""2.2. \u0426\u0435\u043b\u0438 \u0440\u0430\u0431\u043e\u0447\u0438\u0435 \u041b\u0415\u0421\u041e\u041f\u041e\u041b\u041e\u0421\u042b"", ""\u0413\u0440\u0443\u0437\u043e\u0432\u0438\u043a6""]",Грузовик6,10016600006099000000
"123,104,238,1",POINT (37.6568233 48.3289537),"[""purple"", ""#ff7b68ee""]","[""AlpineQuest 2.3.9.r9012"", ""AlpineQuest 2.3.8b.r8787""]","[""AlpineQuest 2.3.8b.r8787""]","[""https://www.alpinequest.net"", ""https://www.alpinequest.net""]",[],"[""2.2. \u0426\u0435\u043b\u0438 \u0440\u0430\u0431\u043e\u0447\u0438\u0435 \u041b\u0415\u0421\u041e\u041f\u041e\u041b\u041e\u0421\u042b"", ""\u0413\u0440\u0443\u0437\u043e\u0432\u0438\u043a7""]",Грузовик7,10016600006099000000
"123,104,238,1",POINT (37.6568942 48.3298449),"[""purple"", ""#ff7b68ee""]","[""AlpineQuest 2.3.9.r9012"", ""AlpineQuest 2.3.8b.r8787""]","[""AlpineQuest 2.3.8b.r8787""]","[""https://www.alpinequest.net"", ""https://www.alpinequest.net""]",[],"[""2.2. \u0426\u0435\u043b\u0438 \u0440\u0430\u0431\u043e\u0447\u0438\u0435 \u041b\u0415\u0421\u041e\u041f\u041e\u041b\u041e\u0421\u042b"", ""\u0413\u0440\u0443\u0437\u043e\u0432\u0438\u043a8""]",Грузовик8,10016600006099000000
"123,104,238,1",POINT (37.656965 48.330745),"[""purple"", ""#ff7b68ee""]","[""AlpineQuest 2.3.9.r9012"", ""AlpineQuest 2.3.8b.r8787""]","[""AlpineQuest 2.3.8b.r8787""]","[""https://www.alpinequest.net"", ""https://www.alpinequest.net""]",[],"[""2.2. \u0426\u0435\u043b\u0438 \u0440\u0430\u0431\u043e\u0447\u0438\u0435 \u041b\u0415\u0421\u041e\u041f\u041e\u041b\u041e\u0421\u042b"", ""\u0413\u0440\u0443\u0437\u043e\u0432\u0438\u043a9""]",Грузовик9,10016600006099000000
"123,104,238,1",POINT (37.6570358 48.3316452),"[""purple"", ""#ff7b68ee""]","[""AlpineQuest 2.3.9.r9012"", ""AlpineQuest 2.3.8b.r8787""]","[""AlpineQuest 2.3.8b.r8787""]","[""https://www.alpinequest.net"", ""https://www.alpinequest.net""]",[],"[""2.2. \u0426\u0435\u043b\u0438 \u0440\u0430\u0431\u043e\u0447\u0438\u0435 \u041b\u0415\u0421\u041e\u041f\u041e\u041b\u041e\u0421\u042b"", ""\u0413\u0440\u0443\u0437\u043e\u0432\u0438\u043a10""]",Грузовик10,10016600006099000000
"123,104,238,1",POINT (37.6571065 48.3325454),"[""purple"", ""#ff7b68ee""]","[""AlpineQuest 2.3.9.r9012"", ""AlpineQuest 2.3.8b.r8787""]","[""AlpineQuest 2.3.8b.r8787""]","[""https://www.alpinequest.net"", ""https://www.alpinequest.net""]",[],"[""2.2. \u0426\u0435\u043b\u0438 \u0440\u0430\u0431\u043e\u0447\u0438\u0435 \u041b\u0415\u0421\u041e\u041f\u041e\u041b\u041e\u0421\u042b"", ""\u0413\u0440\u0443\u0437\u043e\u0432\u0438\u043a11""]",Грузовик11,10016600006099000000
"123,104,238,1",POINT (37.6561686 48.323586),"[""purple"", ""#ff7b68ee""]","[""AlpineQuest 2.3.9.r9012"", ""AlpineQuest 2.3.8b.r8787""]","[""AlpineQuest 2.3.8b.r8787""]","[""https://www.alpinequest.net"", ""https://www.alpinequest.net""]",[],"[""2.2. \u0426\u0435\u043b\u0438 \u0440\u0430\u0431\u043e\u0447\u0438\u0435 \u041b\u0415\u0421\u041e\u041f\u041e\u041b\u041e\u0421\u042b"", ""\u0411\u0430\u0440\u0436\u04301""]",Баржа1,10016600006099000000
"123,104,238,1",POINT (37.6548432 48.3237324),"[""purple"", ""#ff7b68ee""]","[""AlpineQuest 2.3.9.r9012"", ""AlpineQuest 2.3.8b.r8787""]","[""AlpineQuest 2.3.8b.r8787""]","[""https://www.alpinequest.net"", ""https://www.alpinequest.net""]",[],"[""2.2. \u0426\u0435\u043b\u0438 \u0440\u0430\u0431\u043e\u0447\u0438\u0435 \u041b\u0415\u0421\u041e\u041f\u041e\u041b\u041e\u0421\u042b"", ""\u0411\u0430\u0440\u0436\u04302""]",Баржа2,10016600006099000000
"123,104,238,1",POINT (37.6535041 48.3238876),"[""purple"", ""#ff7b68ee""]","[""AlpineQuest 2.3.9.r9012"", ""AlpineQuest 2.3.8b.r8787""]","[""AlpineQuest 2.3.8b.r8787""]","[""https://www.alpinequest.net"", ""https://www.alpinequest.net""]",[],"[""2.2. \u0426\u0435\u043b\u0438 \u0440\u0430\u0431\u043e\u0447\u0438\u0435 \u041b\u0415\u0421\u041e\u041f\u041e\u041b\u041e\u0421\u042b"", ""\u0411\u0430\u0440\u0436\u04303""]",Баржа3,10016600006099000000
"123,104,238,1",POINT (37.6521787 48.324034),"[""purple"", ""#ff7b68ee""]","[""AlpineQuest 2.3.9.r9012"", ""AlpineQuest 2.3.8b.r8787""]","[""AlpineQuest 2.3.8b.r8787""]","[""https://www.alpinequest.net"", ""https://www.alpinequest.net""]",[],"[""2.2. \u0426\u0435\u043b\u0438 \u0440\u0430\u0431\u043e\u0447\u0438\u0435 \u041b\u0415\u0421\u041e\u041f\u041e\u041b\u041e\u0421\u042b"", ""\u0411\u0430\u0440\u0436\u04304""]",Баржа4,10016600006099000000
"123,104,238,1",POINT (37.6508532 48.3241803),"[""purple"", ""#ff7b68ee""]","[""AlpineQuest 2.3.9.r9012"", ""AlpineQuest 2.3.8b.r8787""]","[""AlpineQuest 2.3.8b.r8787""]","[""https://www.alpinequest.net"", ""https://www.alpinequest.net""]",[],"[""2.2. \u0426\u0435\u043b\u0438 \u0440\u0430\u0431\u043e\u0447\u0438\u0435 \u041b\u0415\u0421\u041e\u041f\u041e\u041b\u041e\u0421\u042b"", ""\u0411\u0430\u0440\u0436\u04305""]",Баржа5,10016600006099000000
"123,104,238,1",POINT (37.6495141 48.3243355),"[""purple"", ""#ff7b68ee""]","[""AlpineQuest 2.3.9.r9012"", ""AlpineQuest 2.3.8b.r8787""]","[""AlpineQuest 2.3.8b.r8787""]","[""https://www.alpinequest.net"", ""https://www.alpinequest.net""]",[],"[""2.2. \u0426\u0435\u043b\u0438 \u0440\u0430\u0431\u043e\u0447\u0438\u0435 \u041b\u0415\u0421\u041e\u041f\u041e\u041b\u041e\u0421\u042b"", ""\u0411\u0430\u0440\u0436\u04306""]",Баржа6,10016600006099000000
"123,104,238,1",POINT (37.6481886 48.3244818),"[""purple"", ""#ff7b68ee""]","[""AlpineQuest 2.3.9.r9012"", ""AlpineQuest 2.3.8b.r8787""]","[""AlpineQuest 2.3.8b.r8787""]","[""https://www.alpinequest.net"", ""https://www.alpinequest.net""]",[],"[""2.2. \u0426\u0435\u043b\u0438 \u0440\u0430\u0431\u043e\u0447\u0438\u0435 \u041b\u0415\u0421\u041e\u041f\u041e\u041b\u041e\u0421\u042b"", ""\u0411\u0430\u0440\u0436\u04307""]",Баржа7,10016600006099000000
"123,104,238,1",POINT (37.6468632 48.324628),"[""purple"", ""#ff7b68ee""]","[""AlpineQuest 2.3.9.r9012"", ""AlpineQuest 2.3.8b.r8787""]","[""AlpineQuest 2.3.8b.r8787""]","[""https://www.alpinequest.net"", ""https://www.alpinequest.net""]",[],"[""2.2. \u0426\u0435\u043b\u0438 \u0440\u0430\u0431\u043e\u0447\u0438\u0435 \u041b\u0415\u0421\u041e\u041f\u041e\u041b\u041e\u0421\u042b"", ""\u0411\u0430\u0440\u0436\u04308""]",Баржа8,10016600006099000000
"123,104,238,1",POINT (37.6455375 48.3247833),"[""purple"", ""#ff7b68ee""]","[""AlpineQuest 2.3.9.r9012"", ""AlpineQuest 2.3.8b.r8787""]","[""AlpineQuest 2.3.8b.r8787""]","[""https://www.alpinequest.net"", ""https://www.alpinequest.net""]",[],"[""2.2. \u0426\u0435\u043b\u0438 \u0440\u0430\u0431\u043e\u0447\u0438\u0435 \u041b\u0415\u0421\u041e\u041f\u041e\u041b\u041e\u0421\u042b"", ""\u0411\u0430\u0440\u0436\u04309""]",Баржа9,10016600006099000000
"123,104,238,1",POINT (37.6441986 48.3249294),"[""purple"", ""#ff7b68ee""]","[""AlpineQuest 2.3.9.r9012"", ""AlpineQuest 2.3.8b.r8787""]","[""AlpineQuest 2.3.8b.r8787""]","[""https://www.alpinequest.net"", ""https://www.alpinequest.net""]",[],"[""2.2. \u0426\u0435\u043b\u0438 \u0440\u0430\u0431\u043e\u0447\u0438\u0435 \u041b\u0415\u0421\u041e\u041f\u041e\u041b\u041e\u0421\u042b"", ""\u0411\u0430\u0440\u0436\u043010""]",Баржа10,10016600006099000000
"123,104,238,1",POINT (37.6428731 48.3250757),"[""purple"", ""#ff7b68ee""]","[""AlpineQuest 2.3.9.r9012"", ""AlpineQuest 2.3.8b.r8787""]","[""AlpineQuest 2.3.8b.r8787""]","[""https://www.alpinequest.net"", ""https://www.alpinequest.net""]",[],"[""2.2. \u0426\u0435\u043b\u0438 \u0440\u0430\u0431\u043e\u0447\u0438\u0435 \u041b\u0415\u0421\u041e\u041f\u041e\u041b\u041e\u0421\u042b"", ""\u0411\u0430\u0440\u0436\u043011""]",Баржа11,10016600006099000000
"123,104,238,1",POINT (37.6415474 48.3252309),"[""purple"", ""#ff7b68ee""]","[""AlpineQuest 2.3.9.r9012"", ""AlpineQuest 2.3.8b.r8787""]","[""AlpineQuest 2.3.8b.r8787""]","[""https://www.alpinequest.net"", ""https://www.alpinequest.net""]",[],"[""2.2. \u0426\u0435\u043b\u0438 \u0440\u0430\u0431\u043e\u0447\u0438\u0435 \u041b\u0415\u0421\u041e\u041f\u041e\u041b\u041e\u0421\u042b"", ""\u0411\u0430\u0440\u0436\u043012""]",Баржа12,10016600006099000000
