"sidc","id","quantity","name","observation_datetime","reliability_credibility","staff_comments","platform_type","direction","speed","coordinates"
"10031000001211000000","","1","заяц1","","Колір: Червоний; Автор: AlpineQuest 2.3.3","","","","","POINT (37.4654521 48.362919299999994)"
"10031000001211000000","","1","заяц2","","Колір: Червоний; Автор: AlpineQuest 2.3.3","","","","","POINT (37.465262599999996 48.3638341)"
"10031000001211000000","","1","заяц3","","Колір: Червоний; Автор: AlpineQuest 2.3.3","","","","","POINT (37.465072899999996 48.3647579)"
"10031000001211000000","","1","заяц4","","Колір: Червоний; Автор: AlpineQuest 2.3.3","","","","","POINT (37.4648969 48.3656728)"
"10031000001211000000","","1","заяц5","","Колір: Червоний; Автор: AlpineQuest 2.3.3","","","","","POINT (37.464707499999996 48.366587599999995)"
"10031000001211000000","","1","заяц6","","Колір: Червоний; Автор: AlpineQuest 2.3.3","","","","","POINT (37.4645177 48.3675114)"
"10031000001211000000","","1","заяц7","","Колір: Червоний; Автор: AlpineQuest 2.3.3","","","","","POINT (37.4643283 48.368426199999995)"
"10031000001211000000","","1","заяц8","","Колір: Червоний; Автор: AlpineQuest 2.3.3","","","","","POINT (37.4641388 48.369341)"
"10031000001211000000","","1","заяц9","","Колір: Червоний; Автор: AlpineQuest 2.3.3","","","","","POINT (37.463949 48.3702648)"
"10031000001211000000","","1","заяц10","","Колір: Червоний; Автор: AlpineQuest 2.3.3","","","","","POINT (37.463772999999996 48.3711798)"
"10031000001211000000","","1","заяц11","","Колір: Червоний; Автор: AlpineQuest 2.3.3","","","","","POINT (37.4635835 48.3720946)"
"10031000001211000000","","1","заяц12","","Колір: Червоний; Автор: AlpineQuest 2.3.3","","","","","POINT (37.4633937 48.3730183)"
"10031000001211000000","","1","заяц13","","Колір: Червоний; Автор: AlpineQuest 2.3.3","","","","","POINT (37.4632042 48.373933099999995)"
"10031000001211000000","","1","заяц14","","Колір: Червоний; Автор: AlpineQuest 2.3.3","","","","","POINT (37.463014699999995 48.3748479)"
"10031000001211000000","","1","заяц15","","Колір: Червоний; Автор: AlpineQuest 2.3.3","","","","","POINT (37.462825099999996 48.375762699999996)"
"10031000001211000000","","1","заяц16","","Колір: Червоний; Автор: AlpineQuest 2.3.3","","","","","POINT (37.4626488 48.3766867)"
"10031000001211000000","","1","заяц17","","Колір: Червоний; Автор: AlpineQuest 2.3.3","","","","","POINT (37.4624593 48.3776015)"
"10031000001211000000","","1","заяц18","","Колір: Червоний; Автор: AlpineQuest 2.3.3","","","","","POINT (37.4622697 48.3785162)"
"10031000001211000000","","1","заяц19","","Колір: Червоний; Автор: AlpineQuest 2.3.3","","","","","POINT (37.4620799 48.379439999999995)"
"10031000001211000000","","1","заяц20","","Колір: Червоний; Автор: AlpineQuest 2.3.3","","","","","POINT (37.4618903 48.3803548)"
"10031000001211000000","","1","заяц21","","Колір: Червоний; Автор: AlpineQuest 2.3.3","","","","","POINT (37.4617007 48.381269599999996)"
"10031000001211000000","","1","заяц22","","Колір: Червоний; Автор: AlpineQuest 2.3.3","","","","","POINT (37.4615244 48.3821936)"
"10031000001211000000","","1","заяц23","","Колір: Червоний; Автор: AlpineQuest 2.3.3","","","","","POINT (37.461334799999996 48.383108299999996)"
"10031000001211000000","","1","заяц24","","Колір: Червоний; Автор: AlpineQuest 2.3.3","","","","","POINT (37.4611452 48.3840231)"
"10031000001211000000","","1","заяц25","","Колір: Червоний; Автор: AlpineQuest 2.3.3","","","","","POINT (37.460955299999995 48.384946899999996)"
"10031000001211000000","","1","альянс1","","Колір: Зелений; Автор: AlpineQuest 2.3.3","","","","","POINT (37.4466849 48.3747184)"
"10031000001211000000","","1","альянс2","","Колір: Зелений; Автор: AlpineQuest 2.3.3","","","","","POINT (37.4480582 48.3748359)"
"10031000001211000000","","1","альянс3","","Колір: Зелений; Автор: AlpineQuest 2.3.3","","","","","POINT (37.449444799999995 48.374962499999995)"
"10031000001211000000","","1","альянс4","","Колір: Зелений; Автор: AlpineQuest 2.3.3","","","","","POINT (37.4508181 48.37508)"
"10031000001211000000","","1","альянс5","","Колір: Зелений; Автор: AlpineQuest 2.3.3","","","","","POINT (37.4521912 48.375206399999996)"
"10031000001211000000","","1","альянс6","","Колір: Зелений; Автор: AlpineQuest 2.3.3","","","","","POINT (37.453578 48.375324)"
"10031000001211000000","","1","альянс7","","Колір: Зелений; Автор: AlpineQuest 2.3.3","","","","","POINT (37.454951099999995 48.3754503)"
"10031000001211000000","","1","альянс8","","Колір: Зелений; Автор: AlpineQuest 2.3.3","","","","","POINT (37.4563244 48.3755677)"
"10031000001211000000","","1","альянс9","","Колір: Зелений; Автор: AlpineQuest 2.3.3","","","","","POINT (37.457710999999996 48.3756942)"
"10031000001211000000","","1","альянс10","","Колір: Зелений; Автор: AlpineQuest 2.3.3","","","","","POINT (37.4590844 48.3758116)"
"10031000001211000000","","1","альянс11","","Колір: Зелений; Автор: AlpineQuest 2.3.3","","","","","POINT (37.460471 48.3759381)"
"10031000001211000000","","1","альянс12","","Колір: Зелений; Автор: AlpineQuest 2.3.3","","","","","POINT (37.4618444 48.3760554)"
"10031000001211000000","","1","кружка1","","Автор: AlpineQuest 2.3.3","","","","","POINT (37.4651469 48.3856414)"
"10031000001211000000","","1","кружка2","","Автор: AlpineQuest 2.3.3","","","","","POINT (37.4665627 48.3857053)"
"10031000001211000000","","1","кружка3","","Автор: AlpineQuest 2.3.3","","","","","POINT (37.4679782 48.385778099999996)"
"10031000001211000000","","1","кружка4","","Автор: AlpineQuest 2.3.3","","","","","POINT (37.4693939 48.385841899999996)"
"10031000001211000000","","1","кружка5","","Автор: AlpineQuest 2.3.3","","","","","POINT (37.470796199999995 48.3859056)"
"10031000001211000000","","1","кружка6","","Автор: AlpineQuest 2.3.3","","","","","POINT (37.472211699999995 48.3859783)"
"10031000001211000000","","1","кружка7","","Автор: AlpineQuest 2.3.3","","","","","POINT (37.4731422 48.3860177)"
"10031000001211000000","","1","кружка8","","Автор: AlpineQuest 2.3.3","","","","","POINT (37.474258899999995 48.3865991)"
"10031000001211000000","","1","кружка9","","Автор: AlpineQuest 2.3.3","","","","","POINT (37.475376 48.3871715)"
"10031000001211000000","","1","кружка10","","Автор: AlpineQuest 2.3.3","","","","","POINT (37.4764664 48.3877345)"
"10031000001211000000","","1","кружка11","","Автор: AlpineQuest 2.3.3","","","","","POINT (37.477596999999996 48.3883071)"
"10031000001211000000","","1","кружка12","","Автор: AlpineQuest 2.3.3","","","","","POINT (37.478713899999995 48.3888884)"
"10031000001211000000","","1","кружка13","","Автор: AlpineQuest 2.3.3","","","","","POINT (37.4798445 48.389461)"
"10031000001211000000","","1","кружка14","","Автор: AlpineQuest 2.3.3","","","","","POINT (37.4809617 48.3900333)"
"10031000001211000000","","1","кружка15","","Автор: AlpineQuest 2.3.3","","","","","POINT (37.4820922 48.390614799999994)"
"10031000001211000000","","1","кружка16","","Автор: AlpineQuest 2.3.3","","","","","POINT (37.483156199999996 48.3911595)"
"10031000001211000000","","1","кружка17","","Автор: AlpineQuest 2.3.3","","","","","POINT (37.483195599999995 48.3921043)"
"10031000001211000000","","1","кружка18","","Автор: AlpineQuest 2.3.3","","","","","POINT (37.4832351 48.3930491)"
"10031000001211000000","","1","кружка19","","Автор: AlpineQuest 2.3.3","","","","","POINT (37.483288 48.3939941)"
"10031000001211000000","","1","кружка20","","Автор: AlpineQuest 2.3.3","","","","","POINT (37.4833277 48.3949299)"
"10031000001211000000","","1","кружка21","","Автор: AlpineQuest 2.3.3","","","","","POINT (37.483367099999995 48.395874799999994)"
"10031000001211000000","","1","кружка22","","Автор: AlpineQuest 2.3.3","","","","","POINT (37.483382299999995 48.396270699999995)"
"10031000001211000000","","1","кружка23","","Автор: AlpineQuest 2.3.3","","","","","POINT (37.4844441 48.3968962)"
"10031000001211000000","","1","кружка24","","Автор: AlpineQuest 2.3.3","","","","","POINT (37.485492199999996 48.397530599999996)"
"10031000001211000000","","1","кружка25","","Автор: AlpineQuest 2.3.3","","","","","POINT (37.486554 48.3981561)"
"10031000001211000000","","1","кружка26","","Автор: AlpineQuest 2.3.3","","","","","POINT (37.4876021 48.398790399999996)"
"10031000001211000000","","1","медведь7","","Колір: Помаранчевий; Автор: AlpineQuest 2.3.3","","","","","POINT (37.4850801 48.3631975)"
"10031000001211000000","","1","медведь6","","Колір: Помаранчевий; Автор: AlpineQuest 2.3.3","","","","","POINT (37.4837822 48.3628207)"
"10031000001211000000","","1","медведь5","","Колір: Помаранчевий; Автор: AlpineQuest 2.3.3","","","","","POINT (37.482484299999996 48.3624438)"
"10031000001211000000","","1","медведь4","","Колір: Помаранчевий; Автор: AlpineQuest 2.3.3","","","","","POINT (37.481186199999996 48.3620759)"
"10031000001211000000","","1","медведь3","","Колір: Помаранчевий; Автор: AlpineQuest 2.3.3","","","","","POINT (37.4798749 48.3616989)"
"10031000001211000000","","1","медведь2","","Колір: Помаранчевий; Автор: AlpineQuest 2.3.3","","","","","POINT (37.4785768 48.361331)"
"10031000001211000000","","1","медведь1","","Колір: Помаранчевий; Автор: AlpineQuest 2.3.3","","","","","POINT (37.477278999999996 48.360954)"
"10031000001211000000","","1","тропа5","","Колір: Блакитний; Автор: AlpineQuest 2.3.3","","","","","POINT (37.477235799999995 48.3596854)"
"10031000001211000000","","1","тропа4","","Колір: Блакитний; Автор: AlpineQuest 2.3.3","","","","","POINT (37.4774123 48.358743399999994)"
"10031000001211000000","","1","тропа3","","Колір: Блакитний; Автор: AlpineQuest 2.3.3","","","","","POINT (37.477575099999996 48.3578103)"
"10031000001211000000","","1","тропа2","","Колір: Блакитний; Автор: AlpineQuest 2.3.3","","","","","POINT (37.4777516 48.356868299999995)"
"10031000001211000000","","1","тропа1","","Колір: Блакитний; Автор: AlpineQuest 2.3.3","","","","","POINT (37.4779279 48.3559353)"
"10031000001211000000","","1","лук2","","Колір: Чорний; Автор: AlpineQuest 2.3.3","","","","","POINT (37.4783079 48.3658241)"
"10031000001211000000","","1","лук1","","Колір: Чорний; Автор: AlpineQuest 2.3.3","","","","","POINT (37.4768657 48.365759999999995)"
"10031000001211000000","","1","напиток1","","Автор: AlpineQuest 2.3.3","","","","","POINT (37.4761302 48.3641764)"
"10031000001211000000","","1","напиток2","","Автор: AlpineQuest 2.3.3","","","","","POINT (37.4760184 48.365209199999995)"
"10031000001211000000","","1","напиток3","","Автор: AlpineQuest 2.3.3","","","","","POINT (37.475920099999996 48.3662421)"
"10031000001211000000","","1","напиток4","","Автор: AlpineQuest 2.3.3","","","","","POINT (37.475865399999996 48.3667181)"
"10031000001211000000","","1","напиток5","","Автор: AlpineQuest 2.3.3","","","","","POINT (37.475645899999996 48.367740399999995)"
"10031000001211000000","","1","напиток6","","Автор: AlpineQuest 2.3.3","","","","","POINT (37.4754399 48.3687629)"
"10031000001211000000","","1","напиток7","","Автор: AlpineQuest 2.3.3","","","","","POINT (37.4752201 48.3697942)"
"10031000001211000000","","1","напиток8","","Автор: AlpineQuest 2.3.3","","","","","POINT (37.4750006 48.3708166)"
"10031000001211000000","","1","напиток9","","Автор: AlpineQuest 2.3.3","","","","","POINT (37.474796 48.371794099999995)"
"10031000001211000000","","1","напиток10","","Автор: AlpineQuest 2.3.3","","","","","POINT (37.4745899 48.3728166)"
"10031000001211000000","","1","напиток11","","Автор: AlpineQuest 2.3.3","","","","","POINT (37.474383599999996 48.3738481)"
"10031000001211000000","","1","напиток12","","Автор: AlpineQuest 2.3.3","","","","","POINT (37.4741776 48.374870699999995)"
"10031000001211000000","","1","напиток13","","Автор: AlpineQuest 2.3.3","","","","","POINT (37.4739715 48.3758932)"
"10031000001211000000","","1","станок1","","Автор: AlpineQuest 2.3.3","","","","","POINT (37.4951266 48.3181106)"
"10031000001211000000","","1","станок2","","Автор: AlpineQuest 2.3.3","","","","","POINT (37.496243 48.3186648)"
"10031000001211000000","","1","станок3","","Автор: AlpineQuest 2.3.3","","","","","POINT (37.4973593 48.319219)"
"10031000001211000000","","1","станок4","","Автор: AlpineQuest 2.3.3","","","","","POINT (37.498476 48.319764199999995)"
"10031000001211000000","","1","станок5","","Автор: AlpineQuest 2.3.3","","","","","POINT (37.499579 48.320318199999996)"
"10031000001211000000","","1","станок6","","Автор: AlpineQuest 2.3.3","","","","","POINT (37.5006954 48.3208724)"
"10031000001211000000","","1","станок7","","Автор: AlpineQuest 2.3.3","","","","","POINT (37.5018119 48.3214265)"
"10031000001211000000","","1","станок8","","Автор: AlpineQuest 2.3.3","","","","","POINT (37.5029284 48.3219807)"
"10031000001211000000","","1","станок9","","Автор: AlpineQuest 2.3.3","","","","","POINT (37.5040452 48.3225258)"
"10031000001211000000","","1","станок10","","Автор: AlpineQuest 2.3.3","","","","","POINT (37.505161699999995 48.323079899999996)"
"10031000001211000000","","1","станок11","","Автор: AlpineQuest 2.3.3","","","","","POINT (37.5062783 48.3236341)"
"10031000001211000000","","1","станок12","","Автор: AlpineQuest 2.3.3","","","","","POINT (37.5073949 48.324188199999995)"
"10031000001211000000","","1","станок13","","Автор: AlpineQuest 2.3.3","","","","","POINT (37.508497999999996 48.324742099999995)"
"10031000001211000000","","1","станок14","","Автор: AlpineQuest 2.3.3","","","","","POINT (37.509614899999995 48.3252872)"
"10031000001211000000","","1","станок15","","Автор: AlpineQuest 2.3.3","","","","","POINT (37.5107316 48.3258413)"
"10031000001211000000","","1","станок16","","Автор: AlpineQuest 2.3.3","","","","","POINT (37.5118483 48.326395299999994)"
"10031000001211000000","","1","станок17","","Автор: AlpineQuest 2.3.3","","","","","POINT (37.512965 48.3269494)"
"10031000001211000000","","1","станок18","","Автор: AlpineQuest 2.3.3","","","","","POINT (37.5140817 48.3275034)"
"10031000001211000000","","1","станок19","","Автор: AlpineQuest 2.3.3","","","","","POINT (37.5151988 48.3280485)"
"10031000001211000000","","1","станок20","","Автор: AlpineQuest 2.3.3","","","","","POINT (37.5163021 48.3286023)"
"10031000001211000000","","1","станок21","","Автор: AlpineQuest 2.3.3","","","","","POINT (37.517418899999996 48.3291563)"
"10031000001211000000","","1","станок22","","Автор: AlpineQuest 2.3.3","","","","","POINT (37.5185357 48.329710299999995)"
"10031000001211000000","","1","станок23","","Автор: AlpineQuest 2.3.3","","","","","POINT (37.5196529 48.3302553)"
"10031000001211000000","","1","станок24","","Автор: AlpineQuest 2.3.3","","","","","POINT (37.520769699999995 48.3308093)"
"10031000001211000000","","1","станок25","","Автор: AlpineQuest 2.3.3","","","","","POINT (37.521886699999996 48.3313633)"
"10031000001211000000","","1","станок26","","Автор: AlpineQuest 2.3.3","","","","","POINT (37.523003599999996 48.3319172)"
"10031000001211000000","","1","станок27","","Автор: AlpineQuest 2.3.3","","","","","POINT (37.524120499999995 48.3324712)"
"10031000001211000000","","1","станок28","","Автор: AlpineQuest 2.3.3","","","","","POINT (37.5252243 48.3330159)"
"10031000001211000000","","1","станок29","","Автор: AlpineQuest 2.3.3","","","","","POINT (37.5263413 48.3335699)"
"10031000001211000000","","1","станок30","","Автор: AlpineQuest 2.3.3","","","","","POINT (37.5274583 48.3341238)"
"10031000001211000000","","1","станок31","","Автор: AlpineQuest 2.3.3","","","","","POINT (37.5285754 48.3346777)"
"10031000001211000000","","1","станок32","","Автор: AlpineQuest 2.3.3","","","","","POINT (37.529692499999996 48.3352316)"
"10031000001211000000","","1","станок33","","Автор: AlpineQuest 2.3.3","","","","","POINT (37.5308099 48.335776499999994)"
"10031000001211000000","","1","станок34","","Автор: AlpineQuest 2.3.3","","","","","POINT (37.531926999999996 48.3363303)"
"10031000001211000000","","1","станок35","","Автор: AlpineQuest 2.3.3","","","","","POINT (37.5330306 48.336884)"
"10031000001211000000","","1","станок36","","Автор: AlpineQuest 2.3.3","","","","","POINT (37.5341478 48.3374379)"
"10031000001211000000","","1","станок37","","Автор: AlpineQuest 2.3.3","","","","","POINT (37.535264999999995 48.337991699999996)"
"10031000001211000000","","1","станок38","","Автор: AlpineQuest 2.3.3","","","","","POINT (37.536382499999995 48.3385366)"
"10031000001211000000","","1","станок39","","Автор: AlpineQuest 2.3.3","","","","","POINT (37.5374998 48.339090399999996)"
"10031000001211000000","","1","станок40","","Автор: AlpineQuest 2.3.3","","","","","POINT (37.538616999999995 48.339644199999995)"
"10031000001211000000","","1","станок41","","Автор: AlpineQuest 2.3.3","","","","","POINT (37.5397343 48.340198)"
"10031000001211000000","","1","станок42","","Автор: AlpineQuest 2.3.3","","","","","POINT (37.5408517 48.3407518)"
"10031000001211000000","","1","станок43","","Автор: AlpineQuest 2.3.3","","","","","POINT (37.5419558 48.3412964)"
"10031000001211000000","","1","станок44","","Автор: AlpineQuest 2.3.3","","","","","POINT (37.543073199999995 48.341850199999996)"
"10031000001211000000","","1","станок45","","Автор: AlpineQuest 2.3.3","","","","","POINT (37.5441905 48.3424039)"
"10031000001211000000","","1","станок46","","Автор: AlpineQuest 2.3.3","","","","","POINT (37.545308 48.3429577)"
"10031000001211000000","","1","станок47","","Автор: AlpineQuest 2.3.3","","","","","POINT (37.5464254 48.3435114)"
"10031000001211000000","","1","станок48","","Автор: AlpineQuest 2.3.3","","","","","POINT (37.5475431 48.344056099999996)"
"10031000001211000000","","1","станок49","","Автор: AlpineQuest 2.3.3","","","","","POINT (37.5485408 48.3445544)"
"10031000001211000000","","1","станок50","","Автор: AlpineQuest 2.3.3","","","","","POINT (37.5485392 48.345561599999996)"
"10031000001211000000","","1","станок51","","Автор: AlpineQuest 2.3.3","","","","","POINT (37.547404199999995 48.346095899999995)"
"10031000001211000000","","1","станок52","","Автор: AlpineQuest 2.3.3","","","","","POINT (37.5462692 48.3466301)"
"10031000001211000000","","1","кадр6","","Колір: Фіолетовий; Автор: AlpineQuest 2.3.3","","","","","POINT (37.5571231 48.283291299999995)"
"10031000001211000000","","1","кадр5","","Колір: Фіолетовий; Автор: AlpineQuest 2.3.3","","","","","POINT (37.558321899999996 48.2828297)"
"10031000001211000000","","1","кадр4","","Колір: Фіолетовий; Автор: AlpineQuest 2.3.3","","","","","POINT (37.5595339 48.2823772)"
"10031000001211000000","","1","кадр3","","Колір: Фіолетовий; Автор: AlpineQuest 2.3.3","","","","","POINT (37.5607458 48.2819247)"
"10031000001211000000","","1","кадр2","","Колір: Фіолетовий; Автор: AlpineQuest 2.3.3","","","","","POINT (37.561944499999996 48.281463099999996)"
"10031000001211000000","","1","кадр1","","Колір: Фіолетовий; Автор: AlpineQuest 2.3.3","","","","","POINT (37.5631564 48.281010599999995)"
"10031000001211000000","","1","вилка1","","Автор: AlpineQuest 2.3.3","","","","","POINT (37.5610426 48.2862273)"
"10031000001211000000","","1","вилка2","","Автор: AlpineQuest 2.3.3","","","","","POINT (37.559733 48.2867955)"
"10031000001211000000","","1","вилка3","","Автор: AlpineQuest 2.3.3","","","","","POINT (37.5584233 48.2873637)"
"10031000001211000000","","1","вилка4","","Автор: AlpineQuest 2.3.3","","","","","POINT (37.557113699999995 48.287931799999996)"
"10031000001211000000","","1","вилка5","","Автор: AlpineQuest 2.3.3","","","","","POINT (37.5567589 48.288089199999995)"
"10031000001211000000","","1","вилка6","","Автор: AlpineQuest 2.3.3","","","","","POINT (37.555212499999996 48.2879709)"
"10031000001211000000","","1","вилка7","","Автор: AlpineQuest 2.3.3","","","","","POINT (37.553598699999995 48.2878517)"
"10031000001211000000","","1","вилка8","","Автор: AlpineQuest 2.3.3","","","","","POINT (37.552566 48.2886301)"
"10031000001211000000","","1","вилка9","","Автор: AlpineQuest 2.3.3","","","","","POINT (37.551533 48.2894175)"
"10031000001211000000","","1","вилка10","","Автор: AlpineQuest 2.3.3","","","","","POINT (37.5502799 48.290364)"
"10031000001211000000","","1","вилка11","","Автор: AlpineQuest 2.3.3","","","","","POINT (37.5512951 48.291159199999996)"
"10031000001211000000","","1","вилка12","","Автор: AlpineQuest 2.3.3","","","","","POINT (37.5522968 48.2919543)"
"10031000001211000000","","1","вилка13","","Автор: AlpineQuest 2.3.3","","","","","POINT (37.5533121 48.2927495)"
"10031000001211000000","","1","вилка14","","Автор: AlpineQuest 2.3.3","","","","","POINT (37.5543139 48.293544499999996)"
"10031000001211000000","","1","вилка15","","Автор: AlpineQuest 2.3.3","","","","","POINT (37.555329199999996 48.294339699999995)"
"10031000001211000000","","1","вилка16","","Автор: AlpineQuest 2.3.3","","","","","POINT (37.5563443 48.2951439)"
"10031000001211000000","","1","вилка17","","Автор: AlpineQuest 2.3.3","","","","","POINT (37.5573462 48.295938899999996)"
"10031000001211000000","","1","вилка18","","Автор: AlpineQuest 2.3.3","","","","","POINT (37.5583616 48.296734099999995)"
"10031000001211000000","","1","вилка19","","Автор: AlpineQuest 2.3.3","","","","","POINT (37.5593771 48.2975292)"
"10031000001211000000","","1","вилка20","","Автор: AlpineQuest 2.3.3","","","","","POINT (37.5603791 48.298324199999996)"
"10031000001211000000","","1","арена1","","Колір: Коричневий; Автор: AlpineQuest 2.3.3","","","","","POINT (37.531487 48.3253528)"
"10031000001211000000","","1","арена2","","Колір: Коричневий; Автор: AlpineQuest 2.3.3","","","","","POINT (37.53253 48.3261305)"
"10031000001211000000","","1","арена3","","Колір: Коричневий; Автор: AlpineQuest 2.3.3","","","","","POINT (37.533349099999995 48.326725599999996)"
"10031000001211000000","","1","арена4","","Колір: Коричневий; Автор: AlpineQuest 2.3.3","","","","","POINT (37.5330902 48.3277565)"
"10031000001211000000","","1","арена5","","Колір: Коричневий; Автор: AlpineQuest 2.3.3","","","","","POINT (37.532863 48.328626)"
"10031000001211000000","","1","арена6","","Колір: Коричневий; Автор: AlpineQuest 2.3.3","","","","","POINT (37.533455599999996 48.3295958)"
"10031000001211000000","","1","арена7","","Колір: Коричневий; Автор: AlpineQuest 2.3.3","","","","","POINT (37.533919499999996 48.330348199999996)"
"10031000001211000000","","1","арена8","","Колір: Коричневий; Автор: AlpineQuest 2.3.3","","","","","POINT (37.5330584 48.3312185)"
"10031000001211000000","","1","арена9","","Колір: Коричневий; Автор: AlpineQuest 2.3.3","","","","","POINT (37.5322104 48.332098099999996)"
"10031000001211000000","","1","арена10","","Колір: Коричневий; Автор: AlpineQuest 2.3.3","","","","","POINT (37.5313491 48.3329684)"
"10031000001211000000","","1","арена11","","Колір: Коричневий; Автор: AlpineQuest 2.3.3","","","","","POINT (37.5305014 48.333839)"
"10031000001211000000","","1","арена12","","Колір: Коричневий; Автор: AlpineQuest 2.3.3","","","","","POINT (37.5296398 48.3347183)"
"10031000001211000000","","1","бляха6","","Колір: Жовтий; Автор: AlpineQuest 2.3.3","","","","","POINT (37.5187333 48.3140463)"
"10031000001211000000","","1","бляха5","","Колір: Жовтий; Автор: AlpineQuest 2.3.3","","","","","POINT (37.519698 48.3133213)"
"10031000001211000000","","1","бляха4","","Колір: Жовтий; Автор: AlpineQuest 2.3.3","","","","","POINT (37.520663 48.3125873)"
"10031000001211000000","","1","бляха3","","Колір: Жовтий; Автор: AlpineQuest 2.3.3","","","","","POINT (37.521614299999996 48.311862)"
"10031000001211000000","","1","бляха2","","Колір: Жовтий; Автор: AlpineQuest 2.3.3","","","","","POINT (37.522579199999996 48.311128)"
"10031000001211000000","","1","бляха1","","Колір: Жовтий; Автор: AlpineQuest 2.3.3","","","","","POINT (37.5235439 48.3104029)"
"10031000001211000000","","1","вакант1","","Автор: AlpineQuest 2.3.3","","","","","POINT (37.5076712 48.3077877)"
"10031000001211000000","","1","вакант2","","Автор: AlpineQuest 2.3.3","","","","","POINT (37.5067053 48.308548599999995)"
"10031000001211000000","","1","вакант3","","Автор: AlpineQuest 2.3.3","","","","","POINT (37.505739399999996 48.3093095)"
"10031000001211000000","","1","вакант4","","Автор: AlpineQuest 2.3.3","","","","","POINT (37.5047734 48.3100704)"
"10031000001211000000","","1","вакант5","","Автор: AlpineQuest 2.3.3","","","","","POINT (37.503794 48.310831099999994)"
"10031000001211000000","","1","вакант6","","Автор: AlpineQuest 2.3.3","","","","","POINT (37.502828 48.311591899999996)"
"10031000001211000000","","1","вакант7","","Автор: AlpineQuest 2.3.3","","","","","POINT (37.5018619 48.3123528)"
"10031000001211000000","","1","вакант8","","Автор: AlpineQuest 2.3.3","","","","","POINT (37.500895899999996 48.3131136)"
"10031000001211000000","","1","вакант9","","Автор: AlpineQuest 2.3.3","","","","","POINT (37.4999298 48.3138745)"
"10031000001211000000","","1","вакант10","","Автор: AlpineQuest 2.3.3","","","","","POINT (37.498963599999996 48.3146353)"
"10031000001211000000","","1","вакант11","","Автор: AlpineQuest 2.3.3","","","","","POINT (37.497983999999995 48.3153959)"
"10031000001211000000","","1","вакант12","","Автор: AlpineQuest 2.3.3","","","","","POINT (37.4970178 48.316156799999995)"
"10031000001211000000","","1","вакант13","","Автор: AlpineQuest 2.3.3","","","","","POINT (37.4960516 48.3169176)"
"10031000001211000000","","1","деревня1","","Автор: AlpineQuest 2.3.3","","","","","POINT (37.500273 48.303086799999996)"
"10031000001211000000","","1","деревня2","","Автор: AlpineQuest 2.3.3","","","","","POINT (37.4993203 48.3038568)"
"10031000001211000000","","1","деревня3","","Автор: AlpineQuest 2.3.3","","","","","POINT (37.498380999999995 48.304626999999996)"
"10031000001211000000","","1","деревня4","","Автор: AlpineQuest 2.3.3","","","","","POINT (37.497428299999996 48.305397)"
"10031000001211000000","","1","деревня5","","Автор: AlpineQuest 2.3.3","","","","","POINT (37.4964752 48.3061759)"
"10031000001211000000","","1","деревня6","","Автор: AlpineQuest 2.3.3","","","","","POINT (37.4955224 48.306945899999995)"
"10031000001211000000","","1","деревня7","","Автор: AlpineQuest 2.3.3","","","","","POINT (37.4945831 48.307716)"
"10031000001211000000","","1","деревня8","","Автор: AlpineQuest 2.3.3","","","","","POINT (37.4936302 48.308485999999995)"
"10031000001211000000","","1","деревня9","","Автор: AlpineQuest 2.3.3","","","","","POINT (37.4926773 48.3092559)"
"10031000001211000000","","1","деревня10","","Автор: AlpineQuest 2.3.3","","","","","POINT (37.491724399999995 48.3100258)"
"10031000001211000000","","1","деревня11","","Автор: AlpineQuest 2.3.3","","","","","POINT (37.4907846 48.3108049)"
"10031000001211000000","","1","деревня12","","Автор: AlpineQuest 2.3.3","","","","","POINT (37.489831599999995 48.3115749)"
"10031000001211000000","","1","деревня13","","Автор: AlpineQuest 2.3.3","","","","","POINT (37.4888786 48.3123448)"
"10031000001211000000","","1","деревня14","","Автор: AlpineQuest 2.3.3","","","","","POINT (37.4879256 48.3131147)"
"10031000001211000000","","1","деревня15","","Автор: AlpineQuest 2.3.3","","","","","POINT (37.486986 48.313884699999996)"
"10031000001211000000","","1","вакса5","","Колір: Фіолетовий; Автор: AlpineQuest 2.3.3","","","","","POINT (37.535914 48.315804299999996)"
"10031000001211000000","","1","вакса4","","Колір: Фіолетовий; Автор: AlpineQuest 2.3.3","","","","","POINT (37.5353472 48.3148797)"
"10031000001211000000","","1","вакса3","","Колір: Фіолетовий; Автор: AlpineQuest 2.3.3","","","","","POINT (37.534780399999995 48.313955199999995)"
"10031000001211000000","","1","вакса2","","Колір: Фіолетовий; Автор: AlpineQuest 2.3.3","","","","","POINT (37.534213699999995 48.3130306)"
"10031000001211000000","","1","вакса1","","Колір: Фіолетовий; Автор: AlpineQuest 2.3.3","","","","","POINT (37.5336469 48.3121061)"
"10031000001211000000","","1","шуба5","","Автор: AlpineQuest 2.3.3","","","","","POINT (37.536851899999995 48.3339199)"
"10031000001211000000","","1","шуба4","","Автор: AlpineQuest 2.3.3","","","","","POINT (37.535526 48.334532599999996)"
"10031000001211000000","","1","шуба3","","Автор: AlpineQuest 2.3.3","","","","","POINT (37.5341866 48.3351451)"
"10031000001211000000","","1","шуба2","","Автор: AlpineQuest 2.3.3","","","","","POINT (37.5331745 48.3346915)"
"10031000001211000000","","1","шуба1","","Автор: AlpineQuest 2.3.3","","","","","POINT (37.5318295 48.3340897)"
"10031000001211000000","","1","шуба9","","Автор: AlpineQuest 2.3.3","","","","","POINT (37.5411503 48.335962099999996)"
"10031000001211000000","","1","шуба8","","Автор: AlpineQuest 2.3.3","","","","","POINT (37.5401282 48.335382499999994)"
"10031000001211000000","","1","шуба7","","Автор: AlpineQuest 2.3.3","","","","","POINT (37.5390929 48.3347938)"
"10031000001211000000","","1","шуба6","","Автор: AlpineQuest 2.3.3","","","","","POINT (37.5380709 48.3342142)"
"10031000001211000000","","1","шуба11","","Автор: AlpineQuest 2.3.3","","","","","POINT (37.5417505 48.3376155)"
"10031000001211000000","","1","шуба10","","Автор: AlpineQuest 2.3.3","","","","","POINT (37.5408974 48.3367863)"
"10031000001211000000","","1","копейка7","","Автор: AlpineQuest 2.3.3","","","","","POINT (37.5422726 48.2956498)"
"10031000001211000000","","1","копейка6","","Автор: AlpineQuest 2.3.3","","","","","POINT (37.5433866 48.2948635)"
"10031000001211000000","","1","копейка5","","Автор: AlpineQuest 2.3.3","","","","","POINT (37.5445004 48.294086199999995)"
"10031000001211000000","","1","копейка4","","Автор: AlpineQuest 2.3.3","","","","","POINT (37.545601 48.2932997)"
"10031000001211000000","","1","копейка3","","Автор: AlpineQuest 2.3.3","","","","","POINT (37.546715 48.2925134)"
"10031000001211000000","","1","копейка2","","Автор: AlpineQuest 2.3.3","","","","","POINT (37.5478287 48.291736)"
"10031000001211000000","","1","копейка1","","Автор: AlpineQuest 2.3.3","","","","","POINT (37.5489426 48.2909497)"
"10031000001211000000","","1","сорочка1","","Автор: AlpineQuest 2.3.3","","","","","POINT (37.5460826 48.2981713)"
"10031000001211000000","","1","сорочка2","","Автор: AlpineQuest 2.3.3","","","","","POINT (37.545119199999995 48.298869599999996)"
"10031000001211000000","","1","сорочка3","","Автор: AlpineQuest 2.3.3","","","","","POINT (37.5441696 48.299558999999995)"
"10031000001211000000","","1","сорочка4","","Автор: AlpineQuest 2.3.3","","","","","POINT (37.5432062 48.3002573)"
"10031000001211000000","","1","сорочка5","","Автор: AlpineQuest 2.3.3","","","","","POINT (37.5422565 48.3009468)"
"10031000001211000000","","1","сорочка6","","Автор: AlpineQuest 2.3.3","","","","","POINT (37.541292999999996 48.301645)"
"10031000001211000000","","1","сорочка7","","Автор: AlpineQuest 2.3.3","","","","","POINT (37.5403295 48.3023433)"
"10031000001211000000","","1","сорочка8","","Автор: AlpineQuest 2.3.3","","","","","POINT (37.5393798 48.303032699999996)"
"10031000001211000000","","1","сорочка9","","Автор: AlpineQuest 2.3.3","","","","","POINT (37.5384162 48.3037309)"
"10031000001211000000","","1","сорочка10","","Автор: AlpineQuest 2.3.3","","","","","POINT (37.5374529 48.304420199999996)"
"10031000001211000000","","1","сорочка11","","Автор: AlpineQuest 2.3.3","","","","","POINT (37.5365028 48.3051186)"
"10031000001211000000","","1","сорочка12","","Автор: AlpineQuest 2.3.3","","","","","POINT (37.535539199999995 48.305816799999995)"
"10031000001211000000","","1","сорочка13","","Автор: AlpineQuest 2.3.3","","","","","POINT (37.5345893 48.3065062)"
"10031000001211000000","","1","сорочка14","","Автор: AlpineQuest 2.3.3","","","","","POINT (37.5336256 48.307204399999996)"
"10031000001211000000","","1","сорочка15","","Автор: AlpineQuest 2.3.3","","","","","POINT (37.5326622 48.3078936)"
"10031000001211000000","","1","санки1","","Колір: Блакитний; Автор: AlpineQuest 2.3.3","","","","","POINT (37.5097512 48.3076528)"
"10031000001211000000","","1","санки2","","Колір: Блакитний; Автор: AlpineQuest 2.3.3","","","","","POINT (37.510827299999995 48.3081974)"
"10031000001211000000","","1","санки3","","Колір: Блакитний; Автор: AlpineQuest 2.3.3","","","","","POINT (37.511903499999995 48.3087419)"
"10031000001211000000","","1","санки4","","Колір: Блакитний; Автор: AlpineQuest 2.3.3","","","","","POINT (37.5129661 48.3092863)"
"10031000001211000000","","1","санки5","","Колір: Блакитний; Автор: AlpineQuest 2.3.3","","","","","POINT (37.5140423 48.3098308)"
"10031000001211000000","","1","санки6","","Колір: Блакитний; Автор: AlpineQuest 2.3.3","","","","","POINT (37.5151186 48.3103753)"
"10031000001211000000","","1","санки7","","Колір: Блакитний; Автор: AlpineQuest 2.3.3","","","","","POINT (37.5161948 48.3109198)"
"10031000001211000000","","1","санки8","","Колір: Блакитний; Автор: AlpineQuest 2.3.3","","","","","POINT (37.517271099999995 48.3114643)"
"10031000001211000000","","1","санки9","","Колір: Блакитний; Автор: AlpineQuest 2.3.3","","","","","POINT (37.5183341 48.3119997)"
"10031000001211000000","","1","санки10","","Колір: Блакитний; Автор: AlpineQuest 2.3.3","","","","","POINT (37.5194104 48.3125441)"
"10031000001211000000","","1","санки11","","Колір: Блакитний; Автор: AlpineQuest 2.3.3","","","","","POINT (37.5204868 48.3130886)"
"10031000001211000000","","1","санки12","","Колір: Блакитний; Автор: AlpineQuest 2.3.3","","","","","POINT (37.5215631 48.3136331)"
"10031000001211000000","","1","санки13","","Колір: Блакитний; Автор: AlpineQuest 2.3.3","","","","","POINT (37.5226395 48.3141775)"
"10031000001211000000","","1","санки14","","Колір: Блакитний; Автор: AlpineQuest 2.3.3","","","","","POINT (37.5237024 48.3147218)"
"10031000001211000000","","1","санки15","","Колір: Блакитний; Автор: AlpineQuest 2.3.3","","","","","POINT (37.5247788 48.315266199999996)"
"10031000001211000000","","1","санки16","","Колір: Блакитний; Автор: AlpineQuest 2.3.3","","","","","POINT (37.525855299999996 48.3158106)"
"10031000001211000000","","1","санки20","","Колір: Блакитний; Автор: AlpineQuest 2.3.3","","","","","POINT (37.5230008 48.318939699999994)"
"10031000001211000000","","1","санки19","","Колір: Блакитний; Автор: AlpineQuest 2.3.3","","","","","POINT (37.523874899999996 48.3180875)"
"10031000001211000000","","1","санки18","","Колір: Блакитний; Автор: AlpineQuest 2.3.3","","","","","POINT (37.524735799999995 48.3172262)"
"10031000001211000000","","1","санки17","","Колір: Блакитний; Автор: AlpineQuest 2.3.3","","","","","POINT (37.5256098 48.3163741)"
"10031000001211000000","","1","санки28","","Колір: Блакитний; Автор: AlpineQuest 2.3.3","","","","","POINT (37.5309976 48.3236108)"
"10031000001211000000","","1","санки27","","Колір: Блакитний; Автор: AlpineQuest 2.3.3","","","","","POINT (37.5299207 48.3230754)"
"10031000001211000000","","1","санки26","","Колір: Блакитний; Автор: AlpineQuest 2.3.3","","","","","POINT (37.5288438 48.32254)"
"10031000001211000000","","1","санки25","","Колір: Блакитний; Автор: AlpineQuest 2.3.3","","","","","POINT (37.5277534 48.3220044)"
"10031000001211000000","","1","санки24","","Колір: Блакитний; Автор: AlpineQuest 2.3.3","","","","","POINT (37.5266766 48.321469)"
"10031000001211000000","","1","санки23","","Колір: Блакитний; Автор: AlpineQuest 2.3.3","","","","","POINT (37.5256 48.3209246)"
"10031000001211000000","","1","санки22","","Колір: Блакитний; Автор: AlpineQuest 2.3.3","","","","","POINT (37.524509699999996 48.320389)"
"10031000001211000000","","1","санки21","","Колір: Блакитний; Автор: AlpineQuest 2.3.3","","","","","POINT (37.523432899999996 48.319853599999995)"
"10031000001211000000","","1","санки34","","Колір: Блакитний; Автор: AlpineQuest 2.3.3","","","","","POINT (37.5243818 48.3262241)"
"10031000001211000000","","1","санки33","","Колір: Блакитний; Автор: AlpineQuest 2.3.3","","","","","POINT (37.5255935 48.325826)"
"10031000001211000000","","1","санки32","","Колір: Блакитний; Автор: AlpineQuest 2.3.3","","","","","POINT (37.526792 48.3254186)"
"10031000001211000000","","1","санки31","","Колір: Блакитний; Автор: AlpineQuest 2.3.3","","","","","POINT (37.5280037 48.3250204)"
"10031000001211000000","","1","санки30","","Колір: Блакитний; Автор: AlpineQuest 2.3.3","","","","","POINT (37.5292022 48.3246131)"
"10031000001211000000","","1","санки29","","Колір: Блакитний; Автор: AlpineQuest 2.3.3","","","","","POINT (37.5304138 48.3242149)"
"10031000001211000000","","1","санки38","","Колір: Блакитний; Автор: AlpineQuest 2.3.3","","","","","POINT (37.5203434 48.329697599999996)"
"10031000001211000000","","1","санки37","","Колір: Блакитний; Автор: AlpineQuest 2.3.3","","","","","POINT (37.521505 48.328705299999996)"
"10031000001211000000","","1","санки36","","Колір: Блакитний; Автор: AlpineQuest 2.3.3","","","","","POINT (37.5226533 48.327703799999995)"
"10031000001211000000","","1","санки35","","Колір: Блакитний; Автор: AlpineQuest 2.3.3","","","","","POINT (37.5238148 48.326711499999995)"
"10031000001211000000","","1","санки7","","Колір: Коричневий; Автор: AlpineQuest 2.3.3","","","","","POINT (37.511573899999995 48.324701)"
"10031000001211000000","","1","санки6","","Колір: Коричневий; Автор: AlpineQuest 2.3.3","","","","","POINT (37.5125546 48.323904299999995)"
"10031000001211000000","","1","санки5","","Колір: Коричневий; Автор: AlpineQuest 2.3.3","","","","","POINT (37.5135484 48.3231167)"
"10031000001211000000","","1","санки4","","Колір: Коричневий; Автор: AlpineQuest 2.3.3","","","","","POINT (37.5145425 48.3223202)"
"10031000001211000000","","1","санки3","","Колір: Коричневий; Автор: AlpineQuest 2.3.3","","","","","POINT (37.5155366 48.3215236)"
"10031000001211000000","","1","санки2","","Колір: Коричневий; Автор: AlpineQuest 2.3.3","","","","","POINT (37.5165171 48.320726799999996)"
"10031000001211000000","","1","санки1","","Колір: Коричневий; Автор: AlpineQuest 2.3.3","","","","","POINT (37.5175111 48.319930299999996)"
"10031000001211000000","","1","князь5","","Колір: Червоний; Автор: AlpineQuest 2.3.3","","","","","POINT (37.5367761 48.3219577)"
"10031000001211000000","","1","князь4","","Колір: Червоний; Автор: AlpineQuest 2.3.3","","","","","POINT (37.536738299999996 48.320923)"
"10031000001211000000","","1","князь3","","Колір: Червоний; Автор: AlpineQuest 2.3.3","","","","","POINT (37.536713999999996 48.3198885)"
"10031000001211000000","","1","князь2","","Колір: Червоний; Автор: AlpineQuest 2.3.3","","","","","POINT (37.536676199999995 48.3188537)"
"10031000001211000000","","1","князь1","","Колір: Червоний; Автор: AlpineQuest 2.3.3","","","","","POINT (37.5366384 48.317819)"
"10031000001211000000","","1","копия7","","Колір: Чорний; Автор: AlpineQuest 2.3.3","","","","","POINT (37.5282748 48.3427769)"
"10031000001211000000","","1","копия6","","Колір: Чорний; Автор: AlpineQuest 2.3.3","","","","","POINT (37.5291492 48.3419247)"
"10031000001211000000","","1","копия5","","Колір: Чорний; Автор: AlpineQuest 2.3.3","","","","","POINT (37.5300236 48.341072499999996)"
"10031000001211000000","","1","копия4","","Колір: Чорний; Автор: AlpineQuest 2.3.3","","","","","POINT (37.5308979 48.3402203)"
"10031000001211000000","","1","копия3","","Колір: Чорний; Автор: AlpineQuest 2.3.3","","","","","POINT (37.531772499999995 48.339359099999996)"
"10031000001211000000","","1","копия2","","Колір: Чорний; Автор: AlpineQuest 2.3.3","","","","","POINT (37.532646799999995 48.3385069)"
"10031000001211000000","","1","копия1","","Колір: Чорний; Автор: AlpineQuest 2.3.3","","","","","POINT (37.5335211 48.337654699999995)"
"10031000001211000000","","1","универ3","","Автор: AlpineQuest 2.3.3","","","","","POINT (37.5321886 48.344131)"
"10031000001211000000","","1","универ2","","Автор: AlpineQuest 2.3.3","","","","","POINT (37.5306558 48.3434818)"
"10031000001211000000","","1","универ1","","Автор: AlpineQuest 2.3.3","","","","","POINT (37.5291096 48.3428325)"
"10031000001211000000","","1","универ6","","Автор: AlpineQuest 2.3.3","","","","","POINT (37.5360051 48.3446473)"
"10031000001211000000","","1","универ5","","Автор: AlpineQuest 2.3.3","","","","","POINT (37.5346596 48.3445222)"
"10031000001211000000","","1","универ4","","Автор: AlpineQuest 2.3.3","","","","","POINT (37.5333274 48.344406299999996)"
"10031000001211000000","","1","универ8","","Автор: AlpineQuest 2.3.3","","","","","POINT (37.5389969 48.3457016)"
"10031000001211000000","","1","универ7","","Автор: AlpineQuest 2.3.3","","","","","POINT (37.5371915 48.345147999999995)"
"10031000001211000000","","1","шина1","","Колір: Помаранчевий; Автор: AlpineQuest 2.3.3","","","","","POINT (37.5679154 48.3064495)"
"10031000001211000000","","1","шина2","","Колір: Помаранчевий; Автор: AlpineQuest 2.3.3","","","","","POINT (37.566794 48.307020099999995)"
"10031000001211000000","","1","шина3","","Колір: Помаранчевий; Автор: AlpineQuest 2.3.3","","","","","POINT (37.5656591 48.307590499999996)"
"10031000001211000000","","1","шина4","","Колір: Помаранчевий; Автор: AlpineQuest 2.3.3","","","","","POINT (37.5645374 48.30817)"
"10031000001211000000","","1","шина5","","Колір: Помаранчевий; Автор: AlpineQuest 2.3.3","","","","","POINT (37.563415899999995 48.3087406)"
"10031000001211000000","","1","шина6","","Колір: Помаранчевий; Автор: AlpineQuest 2.3.3","","","","","POINT (37.5622944 48.309311199999996)"
"10031000001211000000","","1","шина7","","Колір: Помаранчевий; Автор: AlpineQuest 2.3.3","","","","","POINT (37.5611594 48.309881499999996)"
"10031000001211000000","","1","шина8","","Колір: Помаранчевий; Автор: AlpineQuest 2.3.3","","","","","POINT (37.5600376 48.3104611)"
"10031000001211000000","","1","шина9","","Колір: Помаранчевий; Автор: AlpineQuest 2.3.3","","","","","POINT (37.558915999999996 48.3110316)"
"10031000001211000000","","1","шина10","","Колір: Помаранчевий; Автор: AlpineQuest 2.3.3","","","","","POINT (37.5577809 48.3116019)"
"10031000001211000000","","1","шина11","","Колір: Помаранчевий; Автор: AlpineQuest 2.3.3","","","","","POINT (37.5566593 48.312172399999994)"
"10031000001211000000","","1","шина12","","Колір: Помаранчевий; Автор: AlpineQuest 2.3.3","","","","","POINT (37.5555374 48.312751899999995)"
"10031000001211000000","","1","шина13","","Колір: Помаранчевий; Автор: AlpineQuest 2.3.3","","","","","POINT (37.5544157 48.3133224)"
"10031000001211000000","","1","шина14","","Колір: Помаранчевий; Автор: AlpineQuest 2.3.3","","","","","POINT (37.5532805 48.3138927)"
"10031000001211000000","","1","шина15","","Колір: Помаранчевий; Автор: AlpineQuest 2.3.3","","","","","POINT (37.5521588 48.3144631)"
"10031000001211000000","","1","шина16","","Колір: Помаранчевий; Автор: AlpineQuest 2.3.3","","","","","POINT (37.551037 48.3150336)"
"10031000001211000000","","1","шина17","","Колір: Помаранчевий; Автор: AlpineQuest 2.3.3","","","","","POINT (37.549915 48.315613)"
"10031000001211000000","","1","шина18","","Колір: Помаранчевий; Автор: AlpineQuest 2.3.3","","","","","POINT (37.5487797 48.3161832)"
"10031000001211000000","","1","шина19","","Колір: Помаранчевий; Автор: AlpineQuest 2.3.3","","","","","POINT (37.5476579 48.3167536)"
"10031000001211000000","","1","шина20","","Колір: Помаранчевий; Автор: AlpineQuest 2.3.3","","","","","POINT (37.546535999999996 48.317324)"
"10031000001211000000","","1","шина21","","Колір: Помаранчевий; Автор: AlpineQuest 2.3.3","","","","","POINT (37.5454004 48.317903199999996)"
"10031000001211000000","","1","шина22","","Колір: Помаранчевий; Автор: AlpineQuest 2.3.3","","","","","POINT (37.5442785 48.3184736)"
"10031000001211000000","","1","шина23","","Колір: Помаранчевий; Автор: AlpineQuest 2.3.3","","","","","POINT (37.543156599999996 48.319044)"
"10031000001211000000","","1","лакей1","","Колір: Зелений; Автор: AlpineQuest 2.3.3","","","","","POINT (37.5606845 48.2989666)"
"10031000001211000000","","1","лакей2","","Колір: Зелений; Автор: AlpineQuest 2.3.3","","","","","POINT (37.5614984 48.2997412)"
"10031000001211000000","","1","лакей3","","Колір: Зелений; Автор: AlpineQuest 2.3.3","","","","","POINT (37.5623126 48.3005068)"
"10031000001211000000","","1","лакей4","","Колір: Зелений; Автор: AlpineQuest 2.3.3","","","","","POINT (37.5631266 48.3012814)"
"10031000001211000000","","1","лакей5","","Колір: Зелений; Автор: AlpineQuest 2.3.3","","","","","POINT (37.563940599999995 48.302056099999994)"
"10031000001211000000","","1","лакей6","","Колір: Зелений; Автор: AlpineQuest 2.3.3","","","","","POINT (37.564754799999996 48.302821699999996)"
"10031000001211000000","","1","лакей7","","Колір: Зелений; Автор: AlpineQuest 2.3.3","","","","","POINT (37.565568899999995 48.303596299999995)"
"10031000001211000000","","1","лакей8","","Колір: Зелений; Автор: AlpineQuest 2.3.3","","","","","POINT (37.5663829 48.304370899999995)"
"10031000001211000000","","1","лакей9","","Колір: Зелений; Автор: AlpineQuest 2.3.3","","","","","POINT (37.5672105 48.305145599999996)"
"10031000001211000000","","1","лакей10","","Колір: Зелений; Автор: AlpineQuest 2.3.3","","","","","POINT (37.568024799999996 48.3059112)"
"10031000001211000000","","1","ветеринар9","","Колір: Чорний; Автор: AlpineQuest 2.3.3","","","","","POINT (37.562720899999995 48.3085251)"
"10031000001211000000","","1","ветеринар8","","Колір: Чорний; Автор: AlpineQuest 2.3.3","","","","","POINT (37.5618552 48.307668899999996)"
"10031000001211000000","","1","ветеринар7","","Колір: Чорний; Автор: AlpineQuest 2.3.3","","","","","POINT (37.5609896 48.306812699999995)"
"10031000001211000000","","1","ветеринар6","","Колір: Чорний; Автор: AlpineQuest 2.3.3","","","","","POINT (37.5601104 48.3059563)"
"10031000001211000000","","1","ветеринар5","","Колір: Чорний; Автор: AlpineQuest 2.3.3","","","","","POINT (37.5592446 48.305108999999995)"
"10031000001211000000","","1","ветеринар4","","Колір: Чорний; Автор: AlpineQuest 2.3.3","","","","","POINT (37.5583655 48.3042526)"
"10031000001211000000","","1","ветеринар3","","Колір: Чорний; Автор: AlpineQuest 2.3.3","","","","","POINT (37.5575 48.3033964)"
"10031000001211000000","","1","ветеринар2","","Колір: Чорний; Автор: AlpineQuest 2.3.3","","","","","POINT (37.556621 48.30254)"
"10031000001211000000","","1","ветеринар1","","Колір: Чорний; Автор: AlpineQuest 2.3.3","","","","","POINT (37.5557555 48.3016837)"
"10031000001211000000","","1","плакат5","","Колір: Червоний; Автор: AlpineQuest 2.3.3","","","","","POINT (37.5509403 48.3036916)"
"10031000001211000000","","1","плакат4","","Колір: Червоний; Автор: AlpineQuest 2.3.3","","","","","POINT (37.5520336 48.303165799999995)"
"10031000001211000000","","1","плакат3","","Колір: Червоний; Автор: AlpineQuest 2.3.3","","","","","POINT (37.553126899999995 48.302639899999996)"
"10031000001211000000","","1","плакат2","","Колір: Червоний; Автор: AlpineQuest 2.3.3","","","","","POINT (37.554220099999995 48.3021141)"
"10031000001211000000","","1","плакат1","","Колір: Червоний; Автор: AlpineQuest 2.3.3","","","","","POINT (37.5553133 48.3015882)"
"10031000001211000000","","1","плакат6","","Колір: Червоний; Автор: AlpineQuest 2.3.3","","","","","POINT (37.5501753 48.3040507)"
"10031000001211000000","","1","плакат7","","Колір: Червоний; Автор: AlpineQuest 2.3.3","","","","","POINT (37.5491084 48.3045948)"
"10031000001211000000","","1","плакат8","","Колір: Червоний; Автор: AlpineQuest 2.3.3","","","","","POINT (37.548027999999995 48.305138799999995)"
"10031000001211000000","","1","плакат9","","Колір: Червоний; Автор: AlpineQuest 2.3.3","","","","","POINT (37.5469611 48.3056829)"
"10031000001211000000","","1","плакат10","","Колір: Червоний; Автор: AlpineQuest 2.3.3","","","","","POINT (37.5458807 48.3062268)"
"10031000001211000000","","1","плакат11","","Колір: Червоний; Автор: AlpineQuest 2.3.3","","","","","POINT (37.5448137 48.3067709)"
"10031000001211000000","","1","плакат12","","Колір: Червоний; Автор: AlpineQuest 2.3.3","","","","","POINT (37.5437467 48.307314999999996)"
"10031000001211000000","","1","плакат13","","Колір: Червоний; Автор: AlpineQuest 2.3.3","","","","","POINT (37.5426662 48.3078589)"
"10031000001211000000","","1","плакат14","","Колір: Червоний; Автор: AlpineQuest 2.3.3","","","","","POINT (37.5415989 48.308412)"
"10031000001211000000","","1","плакат15","","Колір: Червоний; Автор: AlpineQuest 2.3.3","","","","","POINT (37.540518399999996 48.3089559)"
"10031000001211000000","","1","плакат16","","Колір: Червоний; Автор: AlpineQuest 2.3.3","","","","","POINT (37.539451299999996 48.3094999)"
"10031000001211000000","","1","плакат17","","Колір: Червоний; Автор: AlpineQuest 2.3.3","","","","","POINT (37.538384199999996 48.3100439)"
"10031000001211000000","","1","плакат19","","Колір: Червоний; Автор: AlpineQuest 2.3.3","","","","","POINT (37.5364773 48.3116655)"
"10031000001211000000","","1","плакат18","","Колір: Червоний; Автор: AlpineQuest 2.3.3","","","","","POINT (37.537784599999995 48.3107378)"
"10031000001211000000","","1","веревка2","","Колір: Жовтий; Автор: AlpineQuest 2.3.3","","","","","POINT (37.550348899999996 48.299825999999996)"
"10031000001211000000","","1","веревка11","","Колір: Жовтий; Автор: AlpineQuest 2.3.3","","","","","POINT (37.549399 48.300524499999995)"
"10031000001211000000","","1","веревка3","","Колір: Жовтий; Автор: AlpineQuest 2.3.3","","","","","POINT (37.5484357 48.3012228)"
"10031000001211000000","","1","веревка7","","Колір: Жовтий; Автор: AlpineQuest 2.3.3","","","","","POINT (37.547486 48.3019123)"
"10031000001211000000","","1","веревка8","","Колір: Жовтий; Автор: AlpineQuest 2.3.3","","","","","POINT (37.546522599999996 48.3026106)"
"10031000001211000000","","1","веревка6","","Колір: Жовтий; Автор: AlpineQuest 2.3.3","","","","","POINT (37.5455727 48.3033091)"
"10031000001211000000","","1","веревка4","","Колір: Жовтий; Автор: AlpineQuest 2.3.3","","","","","POINT (37.5446227 48.3040075)"
"10031000001211000000","","1","веревка9","","Колір: Жовтий; Автор: AlpineQuest 2.3.3","","","","","POINT (37.5436592 48.3047058)"
"10031000001211000000","","1","веревка1","","Колір: Жовтий; Автор: AlpineQuest 2.3.3","","","","","POINT (37.5427094 48.3053953)"
"10031000001211000000","","1","веревка5","","Колір: Жовтий; Автор: AlpineQuest 2.3.3","","","","","POINT (37.5417594 48.3060937)"
"10031000001211000000","","1","веревка12","","Колір: Жовтий; Автор: AlpineQuest 2.3.3","","","","","POINT (37.5407958 48.306791999999994)"
"10031000001211000000","","1","веревка10","","Колір: Жовтий; Автор: AlpineQuest 2.3.3","","","","","POINT (37.5398457 48.3074904)"
"10031000001211000000","","1","веревка1","","Колір: Жовтий; Автор: AlpineQuest 2.3.3","","","","","POINT (37.550348899999996 48.299825999999996)"
"10031000001211000000","","1","веревка2","","Колір: Жовтий; Автор: AlpineQuest 2.3.3","","","","","POINT (37.549399 48.300524499999995)"
"10031000001211000000","","1","веревка3","","Колір: Жовтий; Автор: AlpineQuest 2.3.3","","","","","POINT (37.5484357 48.3012228)"
"10031000001211000000","","1","веревка4","","Колір: Жовтий; Автор: AlpineQuest 2.3.3","","","","","POINT (37.547486 48.3019123)"
"10031000001211000000","","1","веревка5","","Колір: Жовтий; Автор: AlpineQuest 2.3.3","","","","","POINT (37.546522599999996 48.3026106)"
"10031000001211000000","","1","веревка6","","Колір: Жовтий; Автор: AlpineQuest 2.3.3","","","","","POINT (37.5455727 48.3033091)"
"10031000001211000000","","1","веревка7","","Колір: Жовтий; Автор: AlpineQuest 2.3.3","","","","","POINT (37.5446227 48.3040075)"
"10031000001211000000","","1","веревка8","","Колір: Жовтий; Автор: AlpineQuest 2.3.3","","","","","POINT (37.5436592 48.3047058)"
"10031000001211000000","","1","веревка9","","Колір: Жовтий; Автор: AlpineQuest 2.3.3","","","","","POINT (37.5427094 48.3053953)"
"10031000001211000000","","1","веревка10","","Колір: Жовтий; Автор: AlpineQuest 2.3.3","","","","","POINT (37.5417594 48.3060937)"
"10031000001211000000","","1","веревка11","","Колір: Жовтий; Автор: AlpineQuest 2.3.3","","","","","POINT (37.5407958 48.306791999999994)"
"10031000001211000000","","1","веревка12","","Колір: Жовтий; Автор: AlpineQuest 2.3.3","","","","","POINT (37.539914599999996 48.3074373)"
"10031000001211000000","","1","веревка13","","Колір: Жовтий; Автор: AlpineQuest 2.3.3","","","","","POINT (37.5390306 48.308181499999996)"
"10031000001211000000","","1","веревка14","","Колір: Жовтий; Автор: AlpineQuest 2.3.3","","","","","POINT (37.5381602 48.3089169)"
"10031000001211000000","","1","веревка15","","Колір: Жовтий; Автор: AlpineQuest 2.3.3","","","","","POINT (37.5372762 48.3096611)"
"10031000001211000000","","1","веревка16","","Колір: Жовтий; Автор: AlpineQuest 2.3.3","","","","","POINT (37.536392299999996 48.3103963)"
"10031000001211000000","","1","веревка17","","Колір: Жовтий; Автор: AlpineQuest 2.3.3","","","","","POINT (37.535521599999996 48.311140699999996)"
"10031000001211000000","","1","плавник6","","Колір: Бірюзовий; Автор: AlpineQuest 2.3.3","","","","","POINT (37.5492476 48.299209499999996)"
"10031000001211000000","","1","плавник5","","Колір: Бірюзовий; Автор: AlpineQuest 2.3.3","","","","","POINT (37.548048699999995 48.2987087)"
"10031000001211000000","","1","плавник4","","Колір: Бірюзовий; Автор: AlpineQuest 2.3.3","","","","","POINT (37.5468498 48.298207999999995)"
"10031000001211000000","","1","плавник3","","Колір: Бірюзовий; Автор: AlpineQuest 2.3.3","","","","","POINT (37.545651 48.2977071)"
"10031000001211000000","","1","плавник2","","Колір: Бірюзовий; Автор: AlpineQuest 2.3.3","","","","","POINT (37.544452199999995 48.2972063)"
"10031000001211000000","","1","плавник1","","Колір: Бірюзовий; Автор: AlpineQuest 2.3.3","","","","","POINT (37.5432534 48.296705499999995)"
"10031000001211000000","","1","дыра7","","Колір: Чорний; Автор: AlpineQuest 2.3.3","","","","","POINT (37.5347846 48.3006269)"
"10031000001211000000","","1","дыра6","","Колір: Чорний; Автор: AlpineQuest 2.3.3","","","","","POINT (37.535857199999995 48.2998852)"
"10031000001211000000","","1","дыра5","","Колір: Чорний; Автор: AlpineQuest 2.3.3","","","","","POINT (37.53693 48.2991344)"
"10031000001211000000","","1","дыра4","","Колір: Чорний; Автор: AlpineQuest 2.3.3","","","","","POINT (37.5380028 48.2983836)"
"10031000001211000000","","1","дыра3","","Колір: Чорний; Автор: AlpineQuest 2.3.3","","","","","POINT (37.539062099999995 48.2976326)"
"10031000001211000000","","1","дыра2","","Колір: Чорний; Автор: AlpineQuest 2.3.3","","","","","POINT (37.5401346 48.2968908)"
"10031000001211000000","","1","дыра1","","Колір: Чорний; Автор: AlpineQuest 2.3.3","","","","","POINT (37.541207299999996 48.29614)"
"10031000001211000000","","1","сыч4","","Колір: Блакитний; Автор: AlpineQuest 2.3.3","","","","","POINT (37.5411753 48.295842799999996)"
"10031000001211000000","","1","сыч3","","Колір: Блакитний; Автор: AlpineQuest 2.3.3","","","","","POINT (37.539912099999995 48.295242099999996)"
"10031000001211000000","","1","сыч2","","Колір: Блакитний; Автор: AlpineQuest 2.3.3","","","","","POINT (37.5386488 48.2946415)"
"10031000001211000000","","1","сыч1","","Колір: Блакитний; Автор: AlpineQuest 2.3.3","","","","","POINT (37.5373856 48.2940409)"
"10031000001211000000","","1","телефон 1","","Колір: Чорний; Автор: AlpineQuest 2.3.3","","","","","POINT (37.475221 48.3851279)"
"10031000001211000000","","1","телефон 2","","Колір: Чорний; Автор: AlpineQuest 2.3.3","","","","","POINT (37.476676999999995 48.3852012)"
"10031000001211000000","","1","телефон 3","","Колір: Чорний; Автор: AlpineQuest 2.3.3","","","","","POINT (37.478133 48.3852744)"
"10031000001211000000","","1","телефон 4","","Колір: Чорний; Автор: AlpineQuest 2.3.3","","","","","POINT (37.4795753 48.3853565)"
"10031000001211000000","","1","телефон 5","","Колір: Чорний; Автор: AlpineQuest 2.3.3","","","","","POINT (37.4810313 48.385429699999996)"
"10031000001211000000","","1","телефон 6","","Колір: Чорний; Автор: AlpineQuest 2.3.3","","","","","POINT (37.482487299999995 48.3855028)"
"10031000001211000000","","1","телефон 7","","Колір: Чорний; Автор: AlpineQuest 2.3.3","","","","","POINT (37.4839433 48.385576)"
"10031000001211000000","","1","телефон 8","","Колір: Чорний; Автор: AlpineQuest 2.3.3","","","","","POINT (37.4853993 48.385649099999995)"
"10031000001211000000","","1","телефон 9","","Колір: Чорний; Автор: AlpineQuest 2.3.3","","","","","POINT (37.486855299999995 48.3857223)"
"10031000001211000000","","1","телефон 10","","Колір: Чорний; Автор: AlpineQuest 2.3.3","","","","","POINT (37.488297599999996 48.385804199999995)"
"10031000001211000000","","1","телефон 11","","Колір: Чорний; Автор: AlpineQuest 2.3.3","","","","","POINT (37.4897536 48.3858773)"
"10031000001211000000","","1","шерсть1","","Автор: AlpineQuest 2.3.3","","","","","POINT (37.4910168 48.3833397)"
"10031000001211000000","","1","шерсть2","","Автор: AlpineQuest 2.3.3","","","","","POINT (37.4908666 48.384309099999996)"
"10031000001211000000","","1","шерсть3","","Автор: AlpineQuest 2.3.3","","","","","POINT (37.4907167 48.3852694)"
"10031000001211000000","","1","шерсть4","","Автор: AlpineQuest 2.3.3","","","","","POINT (37.4905665 48.3862387)"
"10031000001211000000","","1","шерсть5","","Автор: AlpineQuest 2.3.3","","","","","POINT (37.4904163 48.387208)"
"10031000001211000000","","1","шерсть6","","Автор: AlpineQuest 2.3.3","","","","","POINT (37.4902799 48.3881685)"
"10031000001211000000","","1","шерсть7","","Автор: AlpineQuest 2.3.3","","","","","POINT (37.4901297 48.3891378)"
"10031000001211000000","","1","шерсть8","","Автор: AlpineQuest 2.3.3","","","","","POINT (37.4899797 48.390098099999996)"
"10031000001211000000","","1","шерсть9","","Автор: AlpineQuest 2.3.3","","","","","POINT (37.4898295 48.3910674)"
"10031000001211000000","","1","шерсть10","","Автор: AlpineQuest 2.3.3","","","","","POINT (37.4896793 48.3920367)"
"10031000001211000000","","1","шерсть11","","Автор: AlpineQuest 2.3.3","","","","","POINT (37.4895293 48.392997099999995)"
"10031000001211000000","","1","учебник9","","Колір: Жовтий; Автор: AlpineQuest 2.3.3","","","","","POINT (37.481132599999995 48.384747499999996)"
"10031000001211000000","","1","учебник8","","Колір: Жовтий; Автор: AlpineQuest 2.3.3","","","","","POINT (37.4813769 48.3837974)"
"10031000001211000000","","1","учебник7","","Колір: Жовтий; Автор: AlpineQuest 2.3.3","","","","","POINT (37.4816214 48.3828384)"
"10031000001211000000","","1","учебник6","","Колір: Жовтий; Автор: AlpineQuest 2.3.3","","","","","POINT (37.481866 48.381879299999994)"
"10031000001211000000","","1","учебник5","","Колір: Жовтий; Автор: AlpineQuest 2.3.3","","","","","POINT (37.4821105 48.3809202)"
"10031000001211000000","","1","учебник4","","Колір: Жовтий; Автор: AlpineQuest 2.3.3","","","","","POINT (37.482355 48.3799612)"
"10031000001211000000","","1","учебник3","","Колір: Жовтий; Автор: AlpineQuest 2.3.3","","","","","POINT (37.4825993 48.3790111)"
"10031000001211000000","","1","учебник2","","Колір: Жовтий; Автор: AlpineQuest 2.3.3","","","","","POINT (37.4828438 48.3780521)"
"10031000001211000000","","1","учебник1","","Колір: Жовтий; Автор: AlpineQuest 2.3.3","","","","","POINT (37.4830883 48.377092999999995)"
"10031000001211000000","","1","часы1","","Колір: Чорний; Автор: AlpineQuest 2.3.3","","","","","POINT (37.4490869 48.409833899999995)"
"10031000001211000000","","1","часы2","","Колір: Чорний; Автор: AlpineQuest 2.3.3","","","","","POINT (37.448883699999996 48.4107395)"
"10031000001211000000","","1","часы3","","Колір: Чорний; Автор: AlpineQuest 2.3.3","","","","","POINT (37.448680599999996 48.4116451)"
"10031000001211000000","","1","часы4","","Колір: Чорний; Автор: AlpineQuest 2.3.3","","","","","POINT (37.4484906 48.4125599)"
"10031000001211000000","","1","часы5","","Колір: Чорний; Автор: AlpineQuest 2.3.3","","","","","POINT (37.4482875 48.4134654)"
"10031000001211000000","","1","часы6","","Колір: Чорний; Автор: AlpineQuest 2.3.3","","","","","POINT (37.4480843 48.414370999999996)"
"10031000001211000000","","1","часы7","","Колір: Чорний; Автор: AlpineQuest 2.3.3","","","","","POINT (37.4478811 48.4152766)"
"10031000001211000000","","1","часы8","","Колір: Чорний; Автор: AlpineQuest 2.3.3","","","","","POINT (37.447677899999995 48.416182199999994)"
"10031000001211000000","","1","часы9","","Колір: Чорний; Автор: AlpineQuest 2.3.3","","","","","POINT (37.4474744 48.417096799999996)"
"10031000001211000000","","1","часы10","","Колір: Чорний; Автор: AlpineQuest 2.3.3","","","","","POINT (37.4472847 48.4180025)"
"10031000001211000000","","1","часы11","","Колір: Чорний; Автор: AlpineQuest 2.3.3","","","","","POINT (37.4470814 48.418908099999996)"
"10031000001211000000","","1","часы12","","Колір: Чорний; Автор: AlpineQuest 2.3.3","","","","","POINT (37.4468782 48.4198137)"
"10031000001211000000","","1","часы13","","Колір: Чорний; Автор: AlpineQuest 2.3.3","","","","","POINT (37.446675 48.420719299999995)"
"10031000001211000000","","1","часы14","","Колір: Чорний; Автор: AlpineQuest 2.3.3","","","","","POINT (37.4464717 48.4216249)"
"10031000001211000000","","1","часы15","","Колір: Чорний; Автор: AlpineQuest 2.3.3","","","","","POINT (37.4462682 48.4225394)"
"10031000001211000000","","1","часы16","","Колір: Чорний; Автор: AlpineQuest 2.3.3","","","","","POINT (37.4460784 48.423445199999996)"
"10031000001211000000","","1","часы17","","Колір: Чорний; Автор: AlpineQuest 2.3.3","","","","","POINT (37.445875099999995 48.4243508)"
"10031000001211000000","","1","часы18","","Колір: Чорний; Автор: AlpineQuest 2.3.3","","","","","POINT (37.4456719 48.4252563)"
"10031000001211000000","","1","часы19","","Колір: Чорний; Автор: AlpineQuest 2.3.3","","","","","POINT (37.4454686 48.4261619)"
"10031000001211000000","","1","часы20","","Колір: Чорний; Автор: AlpineQuest 2.3.3","","","","","POINT (37.445265 48.4270765)"
"10031000001211000000","","1","часы21","","Колір: Чорний; Автор: AlpineQuest 2.3.3","","","","","POINT (37.4450752 48.427982199999995)"
"10031000001211000000","","1","часы22","","Колір: Чорний; Автор: AlpineQuest 2.3.3","","","","","POINT (37.444871899999995 48.4288878)"
"10031000001211000000","","1","часы23","","Колір: Чорний; Автор: AlpineQuest 2.3.3","","","","","POINT (37.4446686 48.4297934)"
"10031000001211000000","","1","часы24","","Колір: Чорний; Автор: AlpineQuest 2.3.3","","","","","POINT (37.4444653 48.430699)"
"10031000001211000000","","1","часы25","","Колір: Чорний; Автор: AlpineQuest 2.3.3","","","","","POINT (37.4442617 48.4316135)"
"10031000001211000000","","1","часы26","","Колір: Чорний; Автор: AlpineQuest 2.3.3","","","","","POINT (37.4440583 48.4325191)"
"10031000001211000000","","1","часы27","","Колір: Чорний; Автор: AlpineQuest 2.3.3","","","","","POINT (37.4438685 48.4334249)"
"10031000001211000000","","1","часы28","","Колір: Чорний; Автор: AlpineQuest 2.3.3","","","","","POINT (37.4436651 48.4343304)"
"10031000001211000000","","1","часы29","","Колір: Чорний; Автор: AlpineQuest 2.3.3","","","","","POINT (37.4434618 48.435235999999996)"
"10031000001211000000","","1","часы30","","Колір: Чорний; Автор: AlpineQuest 2.3.3","","","","","POINT (37.4432581 48.4361506)"
"10031000001211000000","","1","часы31","","Колір: Чорний; Автор: AlpineQuest 2.3.3","","","","","POINT (37.4430547 48.4370561)"
"10031000001211000000","","1","часы32","","Колір: Чорний; Автор: AlpineQuest 2.3.3","","","","","POINT (37.4428513 48.437961699999995)"
"10031000001211000000","","1","часы33","","Колір: Чорний; Автор: AlpineQuest 2.3.3","","","","","POINT (37.4426615 48.4388674)"
"10031000001211000000","","1","часы34","","Колір: Чорний; Автор: AlpineQuest 2.3.3","","","","","POINT (37.442458099999996 48.439772999999995)"
"10031000001211000000","","1","часы35","","Колір: Чорний; Автор: AlpineQuest 2.3.3","","","","","POINT (37.4422547 48.4406786)"
"10031000001211000000","","1","часы36","","Колір: Чорний; Автор: AlpineQuest 2.3.3","","","","","POINT (37.442051 48.4415931)"
"10031000001211000000","","1","часы37","","Колір: Чорний; Автор: AlpineQuest 2.3.3","","","","","POINT (37.4418475 48.442498699999994)"
"10031000001211000000","","1","баня9","","Колір: Чорний; Автор: AlpineQuest 2.3.3","","","","","POINT (37.4487617 48.4258466)"
"10031000001211000000","","1","баня8","","Колір: Чорний; Автор: AlpineQuest 2.3.3","","","","","POINT (37.4489649 48.4249411)"
"10031000001211000000","","1","баня7","","Колір: Чорний; Автор: AlpineQuest 2.3.3","","","","","POINT (37.449168199999995 48.424035499999995)"
"10031000001211000000","","1","баня6","","Колір: Чорний; Автор: AlpineQuest 2.3.3","","","","","POINT (37.4493849 48.423130099999995)"
"10031000001211000000","","1","баня5","","Колір: Чорний; Автор: AlpineQuest 2.3.3","","","","","POINT (37.4495881 48.4222245)"
"10031000001211000000","","1","баня4","","Колір: Чорний; Автор: AlpineQuest 2.3.3","","","","","POINT (37.4497916 48.4213099)"
"10031000001211000000","","1","баня3","","Колір: Чорний; Автор: AlpineQuest 2.3.3","","","","","POINT (37.4499948 48.4204043)"
"10031000001211000000","","1","баня2","","Колір: Чорний; Автор: AlpineQuest 2.3.3","","","","","POINT (37.4501979 48.4194987)"
"10031000001211000000","","1","баня1","","Колір: Чорний; Автор: AlpineQuest 2.3.3","","","","","POINT (37.4504011 48.4185932)"
"10031000001211000000","","1","баня11","","Колір: Чорний; Автор: AlpineQuest 2.3.3","","","","","POINT (37.4463082 48.4261013)"
"10031000001211000000","","1","баня10","","Колір: Чорний; Автор: AlpineQuest 2.3.3","","","","","POINT (37.447373299999995 48.4261787)"
"10031000001211000000","","1","клен3","","Колір: Бірюзовий; Автор: AlpineQuest 2.3.3","","","","","POINT (37.4615666 48.4143723)"
"10031000001211000000","","1","клен2","","Колір: Бірюзовий; Автор: AlpineQuest 2.3.3","","","","","POINT (37.4601803 48.414200799999996)"
"10031000001211000000","","1","клен1","","Колір: Бірюзовий; Автор: AlpineQuest 2.3.3","","","","","POINT (37.4587808 48.414020199999996)"
"10031000001211000000","","1","трость8","","Колір: Червоний; Автор: AlpineQuest 2.3.3","","","","","POINT (37.472703599999996 48.4286222)"
"10031000001211000000","","1","трость7","","Колір: Червоний; Автор: AlpineQuest 2.3.3","","","","","POINT (37.4712348 48.4284858)"
"10031000001211000000","","1","трость6","","Колір: Червоний; Автор: AlpineQuest 2.3.3","","","","","POINT (37.4697524 48.4283492)"
"10031000001211000000","","1","трость5","","Колір: Червоний; Автор: AlpineQuest 2.3.3","","","","","POINT (37.4682836 48.428212699999996)"
"10031000001211000000","","1","трость4","","Колір: Червоний; Автор: AlpineQuest 2.3.3","","","","","POINT (37.4668148 48.4280762)"
"10031000001211000000","","1","трость3","","Колір: Червоний; Автор: AlpineQuest 2.3.3","","","","","POINT (37.4653457 48.427948699999995)"
"10031000001211000000","","1","трость2","","Колір: Червоний; Автор: AlpineQuest 2.3.3","","","","","POINT (37.4638634 48.427811999999996)"
"10031000001211000000","","1","трость1","","Колір: Червоний; Автор: AlpineQuest 2.3.3","","","","","POINT (37.462394599999996 48.4276755)"
"10031000001211000000","","1","икра4","","Колір: Помаранчевий; Автор: AlpineQuest 2.3.3","","","","","POINT (37.461535 48.4275021)"
"10031000001211000000","","1","икра3","","Колір: Помаранчевий; Автор: AlpineQuest 2.3.3","","","","","POINT (37.461715399999996 48.4264523)"
"10031000001211000000","","1","икра2","","Колір: Помаранчевий; Автор: AlpineQuest 2.3.3","","","","","POINT (37.4619095 48.4253937)"
"10031000001211000000","","1","икра1","","Колір: Помаранчевий; Автор: AlpineQuest 2.3.3","","","","","POINT (37.462103299999995 48.424344)"
"10031000001211000000","","1","юпитер4","","Колір: Коричневий; Автор: AlpineQuest 2.3.3","","","","","POINT (37.4575554 48.4156766)"
"10031000001211000000","","1","юпитер3","","Колір: Коричневий; Автор: AlpineQuest 2.3.3","","","","","POINT (37.4570862 48.414663)"
"10031000001211000000","","1","юпитер2","","Колір: Коричневий; Автор: AlpineQuest 2.3.3","","","","","POINT (37.456617 48.4136495)"
"10031000001211000000","","1","юпитер1","","Колір: Коричневий; Автор: AlpineQuest 2.3.3","","","","","POINT (37.4561479 48.4126359)"
"10031000001211000000","","1","юпитер8","","Колір: Коричневий; Автор: AlpineQuest 2.3.3","","","","","POINT (37.4564315 48.419330699999996)"
"10031000001211000000","","1","юпитер7","","Колір: Коричневий; Автор: AlpineQuest 2.3.3","","","","","POINT (37.4567467 48.4182918)"
"10031000001211000000","","1","юпитер6","","Колір: Коричневий; Автор: AlpineQuest 2.3.3","","","","","POINT (37.4570753 48.4172529)"
"10031000001211000000","","1","юпитер5","","Колір: Коричневий; Автор: AlpineQuest 2.3.3","","","","","POINT (37.457404 48.4162141)"
"10031000001211000000","","1","сон5","","Колір: Блакитний; Автор: AlpineQuest 2.3.3","","","","","POINT (37.4672189 48.4213816)"
"10031000001211000000","","1","сон4","","Колір: Блакитний; Автор: AlpineQuest 2.3.3","","","","","POINT (37.4656428 48.4212257)"
"10031000001211000000","","1","сон3","","Колір: Блакитний; Автор: AlpineQuest 2.3.3","","","","","POINT (37.4640669 48.4210607)"
"10031000001211000000","","1","сон2","","Колір: Блакитний; Автор: AlpineQuest 2.3.3","","","","","POINT (37.4624908 48.420904799999995)"
"10031000001211000000","","1","сон1","","Колір: Блакитний; Автор: AlpineQuest 2.3.3","","","","","POINT (37.4609147 48.4207488)"
"10031000001211000000","","1","град6","","Колір: Жовтий; Автор: AlpineQuest 2.3.3","","","","","POINT (37.4658671 48.4276859)"
"10031000001211000000","","1","град5","","Колір: Жовтий; Автор: AlpineQuest 2.3.3","","","","","POINT (37.4660611 48.4266272)"
"10031000001211000000","","1","град4","","Колір: Жовтий; Автор: AlpineQuest 2.3.3","","","","","POINT (37.4662684 48.4255778)"
"10031000001211000000","","1","град3","","Колір: Жовтий; Автор: AlpineQuest 2.3.3","","","","","POINT (37.466475599999995 48.4245283)"
"10031000001211000000","","1","град2","","Колір: Жовтий; Автор: AlpineQuest 2.3.3","","","","","POINT (37.466669599999996 48.4234697)"
"10031000001211000000","","1","град1","","Колір: Жовтий; Автор: AlpineQuest 2.3.3","","","","","POINT (37.466876899999995 48.4224203)"
"10031000001211000000","","1","голос1","","Автор: AlpineQuest 2.3.3","","","","","POINT (37.4510189 48.4018199)"
"10031000001211000000","","1","голос2","","Автор: AlpineQuest 2.3.3","","","","","POINT (37.452393 48.4019374)"
"10031000001211000000","","1","голос3","","Автор: AlpineQuest 2.3.3","","","","","POINT (37.4537805 48.402054899999996)"
"10031000001211000000","","1","голос4","","Автор: AlpineQuest 2.3.3","","","","","POINT (37.4551543 48.402181299999995)"
"10031000001211000000","","1","голос5","","Автор: AlpineQuest 2.3.3","","","","","POINT (37.4565419 48.4022989)"
"10031000001211000000","","1","голос6","","Автор: AlpineQuest 2.3.3","","","","","POINT (37.457916 48.4024162)"
"10031000001211000000","","1","голос7","","Автор: AlpineQuest 2.3.3","","","","","POINT (37.4592901 48.4025336)"
"10031000001211000000","","1","голос8","","Автор: AlpineQuest 2.3.3","","","","","POINT (37.4606774 48.4026601)"
"10031000001211000000","","1","голос9","","Автор: AlpineQuest 2.3.3","","","","","POINT (37.4620515 48.4027774)"
"10031000001211000000","","1","голос10","","Автор: AlpineQuest 2.3.3","","","","","POINT (37.4634256 48.4028947)"
"10031000001211000000","","1","голос11","","Автор: AlpineQuest 2.3.3","","","","","POINT (37.4648132 48.4030121)"
"10031000001211000000","","1","голос12","","Автор: AlpineQuest 2.3.3","","","","","POINT (37.4661873 48.4031294)"
"10031000001211000000","","1","голос13","","Автор: AlpineQuest 2.3.3","","","","","POINT (37.4675747 48.4032558)"
"10031000001211000000","","1","голос14","","Автор: AlpineQuest 2.3.3","","","","","POINT (37.4689488 48.403372999999995)"
"10031000001211000000","","1","голос15","","Автор: AlpineQuest 2.3.3","","","","","POINT (37.470323 48.4034902)"
"10031000001211000000","","1","жилье1","","Автор: AlpineQuest 2.3.3","","","","","POINT (37.4795292 48.4050243)"
"10031000001211000000","","1","жилье2","","Автор: AlpineQuest 2.3.3","","","","","POINT (37.4793263 48.405938899999995)"
"10031000001211000000","","1","жилье3","","Автор: AlpineQuest 2.3.3","","","","","POINT (37.4791099 48.406853399999996)"
"10031000001211000000","","1","жилье4","","Автор: AlpineQuest 2.3.3","","","","","POINT (37.478907 48.407768)"
"10031000001211000000","","1","жилье5","","Автор: AlpineQuest 2.3.3","","","","","POINT (37.4786906 48.4086825)"
"10031000001211000000","","1","жилье6","","Автор: AlpineQuest 2.3.3","","","","","POINT (37.4784875 48.4096061)"
"10031000001211000000","","1","жилье7","","Автор: AlpineQuest 2.3.3","","","","","POINT (37.4782711 48.4105205)"
"10031000001211000000","","1","жилье8","","Автор: AlpineQuest 2.3.3","","","","","POINT (37.478068199999996 48.4114352)"
"10031000001211000000","","1","жилье9","","Автор: AlpineQuest 2.3.3","","","","","POINT (37.477851699999995 48.4123496)"
"10031000001211000000","","1","жилье10","","Автор: AlpineQuest 2.3.3","","","","","POINT (37.4776488 48.4132642)"
"10031000001211000000","","1","жилье11","","Автор: AlpineQuest 2.3.3","","","","","POINT (37.4774324 48.4141787)"
"10031000001211000000","","1","жилье12","","Автор: AlpineQuest 2.3.3","","","","","POINT (37.4772294 48.415093299999995)"
"10031000001211000000","","1","куртка6","","Колір: Зелений; Автор: AlpineQuest 2.3.3","","","","","POINT (37.4888435 48.406118299999996)"
"10031000001211000000","","1","куртка5","","Колір: Зелений; Автор: AlpineQuest 2.3.3","","","","","POINT (37.487728 48.4054741)"
"10031000001211000000","","1","куртка4","","Колір: Зелений; Автор: AlpineQuest 2.3.3","","","","","POINT (37.486599 48.4048297)"
"10031000001211000000","","1","куртка3","","Колір: Зелений; Автор: AlpineQuest 2.3.3","","","","","POINT (37.4854704 48.404176299999996)"
"10031000001211000000","","1","куртка2","","Колір: Зелений; Автор: AlpineQuest 2.3.3","","","","","POINT (37.484355 48.4035321)"
"10031000001211000000","","1","куртка1","","Колір: Зелений; Автор: AlpineQuest 2.3.3","","","","","POINT (37.483226099999996 48.4028877)"
"10031000001211000000","","1","куртка9","","Колір: Зелений; Автор: AlpineQuest 2.3.3","","","","","POINT (37.4911106 48.403908699999995)"
"10031000001211000000","","1","куртка8","","Колір: Зелений; Автор: AlpineQuest 2.3.3","","","","","POINT (37.4906103 48.4048375)"
"10031000001211000000","","1","куртка7","","Колір: Зелений; Автор: AlpineQuest 2.3.3","","","","","POINT (37.4900966 48.405766)"
"10031000001211000000","","1","громофон6","","Колір: Коричневий; Автор: AlpineQuest 2.3.3","","","","","POINT (37.492437699999996 48.4010483)"
"10031000001211000000","","1","громофон5","","Колір: Коричневий; Автор: AlpineQuest 2.3.3","","","","","POINT (37.491703799999996 48.400292199999996)"
"10031000001211000000","","1","громофон4","","Колір: Коричневий; Автор: AlpineQuest 2.3.3","","","","","POINT (37.490969799999995 48.3995361)"
"10031000001211000000","","1","громофон3","","Колір: Коричневий; Автор: AlpineQuest 2.3.3","","","","","POINT (37.490249399999996 48.3987802)"
"10031000001211000000","","1","громофон2","","Колір: Коричневий; Автор: AlpineQuest 2.3.3","","","","","POINT (37.489515499999996 48.3980241)"
"10031000001211000000","","1","громофон1","","Колір: Коричневий; Автор: AlpineQuest 2.3.3","","","","","POINT (37.488781599999996 48.3972681)"
"10031000001211000000","","1","громофон8","","Колір: Коричневий; Автор: AlpineQuest 2.3.3","","","","","POINT (37.4918194 48.4023172)"
"10031000001211000000","","1","громофон7","","Колір: Коричневий; Автор: AlpineQuest 2.3.3","","","","","POINT (37.4928361 48.401737)"
"10031000001211000000","","1","громофон2","","Колір: Блакитний; Автор: AlpineQuest 2.3.3","","","","","POINT (37.4793744 48.387566199999995)"
"10031000001211000000","","1","громофон1","","Колір: Блакитний; Автор: AlpineQuest 2.3.3","","","","","POINT (37.4786801 48.3863968)"
"10031000001211000000","","1","громофон4","","Колір: Блакитний; Автор: AlpineQuest 2.3.3","","","","","POINT (37.4816589 48.3888374)"
"10031000001211000000","","1","громофон3","","Колір: Блакитний; Автор: AlpineQuest 2.3.3","","","","","POINT (37.4805703 48.3877618)"
"10031000001211000000","","1","громофон7","","Колір: Блакитний; Автор: AlpineQuest 2.3.3","","","","","POINT (37.484856799999996 48.390732199999995)"
"10031000001211000000","","1","громофон6","","Колір: Блакитний; Автор: AlpineQuest 2.3.3","","","","","POINT (37.4837457 48.3899532)"
"10031000001211000000","","1","громофон5","","Колір: Блакитний; Автор: AlpineQuest 2.3.3","","","","","POINT (37.4826349 48.3891651)"
"10031000001211000000","","1","громофон12","","Колір: Блакитний; Автор: AlpineQuest 2.3.3","","","","","POINT (37.4890551 48.393962099999996)"
"10031000001211000000","","1","громофон11","","Колір: Блакитний; Автор: AlpineQuest 2.3.3","","","","","POINT (37.488268399999995 48.3931693)"
"10031000001211000000","","1","громофон10","","Колір: Блакитний; Автор: AlpineQuest 2.3.3","","","","","POINT (37.4874814 48.3923856)"
"10031000001211000000","","1","громофон9","","Колір: Блакитний; Автор: AlpineQuest 2.3.3","","","","","POINT (37.486708199999995 48.391593)"
"10031000001211000000","","1","громофон8","","Колір: Блакитний; Автор: AlpineQuest 2.3.3","","","","","POINT (37.4859213 48.3908092)"
"10031000001211000000","","1","каспий7","","Колір: Жовтий; Автор: AlpineQuest 2.3.3","","","","","POINT (37.463259799999996 48.3855353)"
"10031000001211000000","","1","каспий6","","Колір: Жовтий; Автор: AlpineQuest 2.3.3","","","","","POINT (37.4618457 48.385417499999996)"
"10031000001211000000","","1","каспий5","","Колір: Жовтий; Автор: AlpineQuest 2.3.3","","","","","POINT (37.4604451 48.3852998)"
"10031000001211000000","","1","каспий4","","Колір: Жовтий; Автор: AlpineQuest 2.3.3","","","","","POINT (37.459030999999996 48.3851819)"
"10031000001211000000","","1","каспий3","","Колір: Жовтий; Автор: AlpineQuest 2.3.3","","","","","POINT (37.457630099999996 48.3850732)"
"10031000001211000000","","1","каспий2","","Колір: Жовтий; Автор: AlpineQuest 2.3.3","","","","","POINT (37.456216 48.384955299999994)"
"10031000001211000000","","1","каспий1","","Колір: Жовтий; Автор: AlpineQuest 2.3.3","","","","","POINT (37.4548154 48.3848376)"
"10031000001211000000","","1","губа7","","Колір: Зелений; Автор: AlpineQuest 2.3.3","","","","","POINT (37.4677708 48.3926823)"
"10031000001211000000","","1","губа6","","Колір: Зелений; Автор: AlpineQuest 2.3.3","","","","","POINT (37.467922 48.391695)"
"10031000001211000000","","1","губа5","","Колір: Зелений; Автор: AlpineQuest 2.3.3","","","","","POINT (37.468072899999996 48.3907167)"
"10031000001211000000","","1","губа4","","Колір: Зелений; Автор: AlpineQuest 2.3.3","","","","","POINT (37.4682241 48.389729499999994)"
"10031000001211000000","","1","губа3","","Колір: Зелений; Автор: AlpineQuest 2.3.3","","","","","POINT (37.4683752 48.388742199999996)"
"10031000001211000000","","1","губа2","","Колір: Зелений; Автор: AlpineQuest 2.3.3","","","","","POINT (37.4685261 48.387764)"
"10031000001211000000","","1","губа1","","Колір: Зелений; Автор: AlpineQuest 2.3.3","","","","","POINT (37.468677299999996 48.3867767)"
"10031000001211000000","","1","бровь3","","Колір: Чорний; Автор: AlpineQuest 2.3.3","","","","","POINT (37.4725387 48.3926467)"
"10031000001211000000","","1","бровь2","","Колір: Чорний; Автор: AlpineQuest 2.3.3","","","","","POINT (37.4706702 48.3928108)"
"10031000001211000000","","1","бровь1","","Колір: Чорний; Автор: AlpineQuest 2.3.3","","","","","POINT (37.468788599999996 48.3929656)"
"10031000001211000000","","1","бровь5","","Колір: Чорний; Автор: AlpineQuest 2.3.3","","","","","POINT (37.474295999999995 48.3912311)"
"10031000001211000000","","1","бровь4","","Колір: Чорний; Автор: AlpineQuest 2.3.3","","","","","POINT (37.4729514 48.3919418)"
"10031000001211000000","","1","кобра7","","Колір: Помаранчевий; Автор: AlpineQuest 2.3.3","","","","","POINT (37.472811 48.3984331)"
"10031000001211000000","","1","кобра6","","Колір: Помаранчевий; Автор: AlpineQuest 2.3.3","","","","","POINT (37.4728663 48.3974895)"
"10031000001211000000","","1","кобра5","","Колір: Помаранчевий; Автор: AlpineQuest 2.3.3","","","","","POINT (37.4729216 48.396546)"
"10031000001211000000","","1","кобра4","","Колір: Помаранчевий; Автор: AlpineQuest 2.3.3","","","","","POINT (37.4729768 48.3956024)"
"10031000001211000000","","1","кобра3","","Колір: Помаранчевий; Автор: AlpineQuest 2.3.3","","","","","POINT (37.4730456 48.394659)"
"10031000001211000000","","1","кобра2","","Колір: Помаранчевий; Автор: AlpineQuest 2.3.3","","","","","POINT (37.4731008 48.3937154)"
"10031000001211000000","","1","кобра1","","Колір: Помаранчевий; Автор: AlpineQuest 2.3.3","","","","","POINT (37.4731561 48.3927719)"
"10031000001211000000","","1","кобра9","","Колір: Помаранчевий; Автор: AlpineQuest 2.3.3","","","","","POINT (37.471456499999995 48.3994673)"
"10031000001211000000","","1","кобра8","","Колір: Помаранчевий; Автор: AlpineQuest 2.3.3","","","","","POINT (37.471024799999995 48.398553199999995)"
"10031000001211000000","","1","кобра12","","Колір: Помаранчевий; Автор: AlpineQuest 2.3.3","","","","","POINT (37.472479 48.402304799999996)"
"10031000001211000000","","1","кобра11","","Колір: Помаранчевий; Автор: AlpineQuest 2.3.3","","","","","POINT (37.47251 48.401271)"
"10031000001211000000","","1","кобра10","","Колір: Помаранчевий; Автор: AlpineQuest 2.3.3","","","","","POINT (37.4725274 48.400237)"
"10031000001211000000","","1","крипта6","","Колір: Зелений; Автор: AlpineQuest 2.3.3","","","","","POINT (37.4938533 48.380553)"
"10031000001211000000","","1","крипта5","","Колір: Зелений; Автор: AlpineQuest 2.3.3","","","","","POINT (37.4932318 48.3796545)"
"10031000001211000000","","1","крипта4","","Колір: Зелений; Автор: AlpineQuest 2.3.3","","","","","POINT (37.4926238 48.3787562)"
"10031000001211000000","","1","крипта3","","Колір: Зелений; Автор: AlpineQuest 2.3.3","","","","","POINT (37.4920026 48.377848799999995)"
"10031000001211000000","","1","крипта2","","Колір: Зелений; Автор: AlpineQuest 2.3.3","","","","","POINT (37.4913947 48.3769504)"
"10031000001211000000","","1","крипта1","","Колір: Зелений; Автор: AlpineQuest 2.3.3","","","","","POINT (37.4907733 48.3760519)"
"10031000001211000000","","1","букет2","","Автор: AlpineQuest 2.3.3","","","","","POINT (37.4934696 48.383488799999995)"
"10031000001211000000","","1","букет1","","Автор: AlpineQuest 2.3.3","","","","","POINT (37.4917599 48.3833225)"
"10031000001211000000","","1","букет5","","Автор: AlpineQuest 2.3.3","","","","","POINT (37.4954235 48.3859066)"
"10031000001211000000","","1","букет4","","Автор: AlpineQuest 2.3.3","","","","","POINT (37.494842899999995 48.384990699999996)"
"10031000001211000000","","1","букет3","","Автор: AlpineQuest 2.3.3","","","","","POINT (37.494248899999995 48.3840746)"
"10031000001211000000","","1","букет6","","Автор: AlpineQuest 2.3.3","","","","","POINT (37.4956026 48.386700399999995)"
"10031000001211000000","","1","букет7","","Автор: AlpineQuest 2.3.3","","","","","POINT (37.4954009 48.387588099999995)"
"10031000001211000000","","1","букет8","","Автор: AlpineQuest 2.3.3","","","","","POINT (37.495212699999996 48.388476)"
"10031000001211000000","","1","букет9","","Автор: AlpineQuest 2.3.3","","","","","POINT (37.4950107 48.389372699999996)"
"10031000001211000000","","1","букет10","","Автор: AlpineQuest 2.3.3","","","","","POINT (37.4948225 48.3902605)"
"10031000001211000000","","1","букет11","","Автор: AlpineQuest 2.3.3","","","","","POINT (37.4946208 48.391148199999996)"
"10031000001211000000","","1","букет12","","Автор: AlpineQuest 2.3.3","","","","","POINT (37.494419 48.392035899999996)"
"10031000001211000000","","1","букет13","","Автор: AlpineQuest 2.3.3","","","","","POINT (37.4942308 48.3929238)"
"10031000001211000000","","1","букет14","","Автор: AlpineQuest 2.3.3","","","","","POINT (37.4940287 48.3938205)"
"10031000001211000000","","1","букет15","","Автор: AlpineQuest 2.3.3","","","","","POINT (37.4938405 48.3947084)"
"10031000001211000000","","1","букет16","","Автор: AlpineQuest 2.3.3","","","","","POINT (37.4936387 48.3955961)"
